2026-05-26T13:30:39.848383,PULSE_2.0,SIGNAL_SILENT,SILENT
2026-05-26T13:30:40.858461,PULSE_2.0,SIGNAL_SILENT,SILENT
2026-05-26T13:30:41.864110,PULSE_2.0,SIGNAL_SILENT,SILENT
2026-05-26T13:30:42.870096,PULSE_2.0,SIGNAL_SILENT,SILENT
2026-05-26T13:30:43.881959,PULSE_2.0,SIGNAL_SILENT,SILENT
2026-05-26T13:30:44.895163,PULSE_2.0,SIGNAL_SILENT,SILENT
2026-05-26T13:30:45.900741,PULSE_2.0,SIGNAL_SILENT,SILENT
2026-05-26T13:30:46.911167,PULSE_2.0,SIGNAL_SILENT,SILENT
2026-05-26T13:30:47.914108,PULSE_2.0,SIGNAL_SILENT,SILENT
2026-05-26T13:30:48.919713,PULSE_2.0,SIGNAL_SILENT,SILENT
2026-05-26T13:30:49.925343,PULSE_2.0,SIGNAL_SILENT,SILENT
2026-05-26T13:30:50.933115,PULSE_2.0,SIGNAL_SILENT,SILENT
2026-05-26T13:30:51.934662,PULSE_2.0,SIGNAL_SILENT,SILENT
2026-05-26T13:30:52.936695,PULSE_2.0,SIGNAL_SILENT,SILENT
2026-05-26T13:30:53.942153,PULSE_2.0,SIGNAL_SILENT,SILENT
2026-05-26T13:30:54.950129,PULSE_2.0,SIGNAL_SILENT,SILENT
2026-05-26T13:30:55.959955,PULSE_2.0,SIGNAL_SILENT,SILENT
2026-05-26T13:30:56.967730,PULSE_2.0,SIGNAL_SILENT,SILENT
2026-05-26T13:30:57.975064,PULSE_2.0,SIGNAL_SILENT,SILENT
2026-05-26T13:30:58.978700,PULSE_2.0,SIGNAL_SILENT,SILENT
2026-05-26T13:30:59.991065,PULSE_2.0,SIGNAL_SILENT,SILENT
2026-05-26T13:31:00.998326,PULSE_2.0,SIGNAL_SILENT,SILENT
2026-05-26T13:31:02.002187,PULSE_2.0,SIGNAL_SILENT,SILENT
2026-05-26T13:31:03.003859,PULSE_2.0,SIGNAL_SILENT,SILENT
2026-05-26T13:31:04.006052,PULSE_2.0,SIGNAL_SILENT,SILENT
2026-05-26T13:31:05.023406,PULSE_2.0,SIGNAL_SILENT,SILENT
2026-05-26T13:31:06.030386,PULSE_2.0,SIGNAL_SILENT,SILENT
2026-05-26T13:31:07.034114,PULSE_2.0,SIGNAL_SILENT,SILENT
2026-05-26T13:31:08.037042,PULSE_2.0,SIGNAL_SILENT,SILENT
2026-05-26T13:31:09.038743,PULSE_2.0,SIGNAL_SILENT,SILENT
2026-05-26T13:31:10.041747,PULSE_2.0,SIGNAL_SILENT,SILENT
2026-05-26T13:31:11.046524,PULSE_2.0,SIGNAL_SILENT,SILENT
2026-05-26T13:31:12.050168,PULSE_2.0,SIGNAL_SILENT,SILENT
2026-05-26T13:31:13.053720,PULSE_2.0,SIGNAL_SILENT,SILENT
2026-05-26T13:31:14.055434,PULSE_2.0,SIGNAL_SILENT,SILENT
2026-05-26T13:31:15.057347,PULSE_2.0,SIGNAL_SILENT,SILENT
2026-05-26T13:31:16.061667,PULSE_2.0,SIGNAL_SILENT,SILENT
2026-05-26T13:31:17.064660,PULSE_2.0,SIGNAL_SILENT,SILENT
2026-05-26T13:31:18.067717,PULSE_2.0,SIGNAL_SILENT,SILENT
2026-05-26T13:31:19.070874,PULSE_2.0,SIGNAL_SILENT,SILENT
2026-05-26T13:31:20.074736,PULSE_2.0,SIGNAL_SILENT,SILENT
2026-05-26T13:31:21.081813,PULSE_2.0,SIGNAL_SILENT,SILENT
2026-05-26T13:31:22.085584,PULSE_2.0,SIGNAL_SILENT,SILENT
2026-05-26T13:31:23.089646,PULSE_2.0,SIGNAL_SILENT,SILENT
2026-05-26T13:31:24.092523,PULSE_2.0,SIGNAL_SILENT,SILENT
2026-05-26T13:31:25.095661,PULSE_2.0,SIGNAL_SILENT,SILENT
2026-05-26T13:31:26.101801,PULSE_2.0,SIGNAL_SILENT,SILENT
2026-05-26T13:31:27.106764,PULSE_2.0,SIGNAL_SILENT,SILENT
2026-05-26T13:31:28.109331,PULSE_2.0,SIGNAL_SILENT,SILENT
2026-05-26T13:31:29.110373,PULSE_2.0,SIGNAL_SILENT,SILENT
2026-05-26T13:31:30.112553,PULSE_2.0,SIGNAL_SILENT,SILENT
2026-05-26T13:31:31.115594,PULSE_2.0,SIGNAL_SILENT,SILENT
2026-05-26T13:31:32.118165,PULSE_2.0,SIGNAL_SILENT,SILENT
2026-05-26T13:31:33.120723,PULSE_2.0,SIGNAL_SILENT,SILENT
2026-05-26T13:31:34.124548,PULSE_2.0,SIGNAL_SILENT,SILENT
2026-05-26T13:31:35.129754,PULSE_2.0,SIGNAL_SILENT,SILENT
2026-05-26T13:31:36.133615,PULSE_2.0,SIGNAL_SILENT,SILENT
2026-05-26T13:31:37.134849,PULSE_2.0,SIGNAL_SILENT,SILENT
2026-05-26T13:31:38.141253,PULSE_2.0,SIGNAL_SILENT,SILENT
2026-05-26T13:31:39.145525,PULSE_2.0,SIGNAL_SILENT,SILENT
2026-05-26T13:31:40.148709,PULSE_2.0,SIGNAL_SILENT,SILENT
2026-05-26T13:31:41.154575,PULSE_2.0,SIGNAL_SILENT,SILENT
2026-05-26T13:31:42.158441,PULSE_2.0,SIGNAL_SILENT,SILENT
2026-05-26T13:31:43.161576,PULSE_2.0,SIGNAL_SILENT,SILENT
2026-05-26T13:31:44.164787,PULSE_2.0,SIGNAL_SILENT,SILENT
2026-05-26T13:31:45.169707,PULSE_2.0,SIGNAL_SILENT,SILENT
2026-05-26T13:31:46.175056,PULSE_2.0,SIGNAL_SILENT,SILENT
2026-05-26T13:31:47.178149,PULSE_2.0,SIGNAL_SILENT,SILENT
2026-05-26T13:31:48.180120,PULSE_2.0,SIGNAL_SILENT,SILENT
2026-05-26T13:31:49.181669,PULSE_2.0,SIGNAL_SILENT,SILENT
2026-05-26T13:31:50.184600,PULSE_2.0,SIGNAL_SILENT,SILENT
2026-05-26T13:31:51.190246,PULSE_2.0,SIGNAL_SILENT,SILENT
2026-05-26T13:31:52.194496,PULSE_2.0,SIGNAL_SILENT,SILENT
2026-05-26T13:31:53.198778,PULSE_2.0,SIGNAL_SILENT,SILENT
2026-05-26T13:31:54.202436,PULSE_2.0,SIGNAL_SILENT,SILENT
2026-05-26T13:31:55.205528,PULSE_2.0,SIGNAL_SILENT,SILENT
2026-05-26T13:31:56.210177,PULSE_2.0,SIGNAL_SILENT,SILENT
2026-05-26T13:31:57.213958,PULSE_2.0,SIGNAL_SILENT,SILENT
2026-05-26T13:31:58.225465,PULSE_2.0,SIGNAL_SILENT,SILENT
2026-05-26T13:31:59.227124,PULSE_2.0,SIGNAL_SILENT,SILENT
2026-05-26T13:32:00.229939,PULSE_2.0,SIGNAL_SILENT,SILENT
2026-05-26T13:32:01.235569,PULSE_2.0,SIGNAL_SILENT,SILENT
2026-05-26T13:32:02.239961,PULSE_2.0,SIGNAL_SILENT,SILENT
2026-05-26T13:32:03.243325,PULSE_2.0,SIGNAL_SILENT,SILENT
2026-05-26T13:32:04.246103,PULSE_2.0,SIGNAL_SILENT,SILENT
2026-05-26T13:32:05.248053,PULSE_2.0,SIGNAL_SILENT,SILENT
2026-05-26T13:32:06.251157,PULSE_2.0,SIGNAL_SILENT,SILENT
2026-05-26T13:32:07.254109,PULSE_2.0,SIGNAL_SILENT,SILENT
2026-05-26T21:51:38.539963,PULSE_2.0,SIGNAL_SILENT,SILENT
2026-05-26T21:51:39.543224,PULSE_2.0,SIGNAL_SILENT,SILENT
2026-05-26T21:51:40.545774,PULSE_2.0,SIGNAL_SILENT,SILENT
2026-05-26T21:51:41.547856,PULSE_2.0,SIGNAL_SILENT,SILENT
2026-05-26T21:51:42.550149,PULSE_2.0,SIGNAL_SILENT,SILENT
2026-05-26T21:51:43.553978,PULSE_2.0,SIGNAL_SILENT,SILENT
2026-05-26T21:51:44.557799,PULSE_2.0,SIGNAL_SILENT,SILENT
2026-05-26T21:51:45.562007,PULSE_2.0,SIGNAL_SILENT,SILENT
2026-05-26T21:51:46.563849,PULSE_2.0,SIGNAL_SILENT,SILENT
2026-05-26T21:51:47.567131,PULSE_2.0,SIGNAL_SILENT,SILENT
2026-05-26T21:51:48.569586,PULSE_2.0,SIGNAL_SILENT,SILENT
2026-05-26T21:51:49.573277,PULSE_2.0,SIGNAL_SILENT,SILENT
2026-05-26T21:51:50.575842,PULSE_2.0,SIGNAL_SILENT,SILENT
2026-05-26T21:51:51.578573,PULSE_2.0,SIGNAL_SILENT,SILENT
2026-05-26T21:51:52.580327,PULSE_2.0,SIGNAL_SILENT,SILENT
2026-05-26T21:51:53.584317,PULSE_2.0,SIGNAL_SILENT,SILENT
2026-05-26T21:51:54.585848,PULSE_2.0,SIGNAL_SILENT,SILENT
2026-05-26T21:51:55.587211,PULSE_2.0,SIGNAL_SILENT,SILENT
2026-05-26T21:51:56.593311,PULSE_2.0,SIGNAL_SILENT,SILENT
2026-05-26T21:51:57.596513,PULSE_2.0,SIGNAL_SILENT,SILENT
2026-05-26T21:51:58.600359,PULSE_2.0,SIGNAL_SILENT,SILENT
2026-05-26T21:51:59.606093,PULSE_2.0,SIGNAL_SILENT,SILENT
2026-05-26T21:52:00.608155,PULSE_2.0,SIGNAL_SILENT,SILENT
2026-05-26T21:52:01.610859,PULSE_2.0,SIGNAL_SILENT,SILENT
2026-05-26T21:52:02.613336,PULSE_2.0,SIGNAL_SILENT,SILENT
2026-05-26T21:52:03.615334,PULSE_2.0,SIGNAL_SILENT,SILENT
2026-05-26T21:52:04.617334,PULSE_2.0,SIGNAL_SILENT,SILENT
2026-05-26T21:52:05.620299,PULSE_2.0,SIGNAL_SILENT,SILENT
2026-05-26T21:52:06.622587,PULSE_2.0,SIGNAL_SILENT,SILENT
2026-05-26T21:52:07.624095,PULSE_2.0,SIGNAL_SILENT,SILENT
2026-05-26T21:52:08.625685,PULSE_2.0,SIGNAL_SILENT,SILENT
2026-05-26T21:52:09.632319,PULSE_2.0,SIGNAL_SILENT,SILENT
2026-05-26T21:52:10.634111,PULSE_2.0,SIGNAL_SILENT,SILENT
2026-05-26T21:52:11.645939,PULSE_2.0,SIGNAL_SILENT,SILENT
2026-05-26T21:52:12.647540,PULSE_2.0,SIGNAL_SILENT,SILENT
2026-05-26T21:52:13.649557,PULSE_2.0,SIGNAL_SILENT,SILENT
2026-05-26T21:52:14.650594,PULSE_2.0,SIGNAL_SILENT,SILENT
2026-05-26T21:52:15.651664,PULSE_2.0,SIGNAL_SILENT,SILENT
2026-05-26T21:52:16.653409,PULSE_2.0,SIGNAL_SILENT,SILENT
2026-05-26T21:52:17.656137,PULSE_2.0,SIGNAL_SILENT,SILENT
2026-05-26T21:52:18.659526,PULSE_2.0,SIGNAL_SILENT,SILENT
2026-05-26T21:52:19.661744,PULSE_2.0,SIGNAL_SILENT,SILENT
2026-05-26T21:52:20.666109,PULSE_2.0,SIGNAL_SILENT,SILENT
2026-05-26T21:52:21.667690,PULSE_2.0,SIGNAL_SILENT,SILENT
2026-05-26T21:52:22.669873,PULSE_2.0,SIGNAL_SILENT,SILENT
2026-05-26T21:52:23.672534,PULSE_2.0,SIGNAL_SILENT,SILENT
2026-05-26T21:52:24.675304,PULSE_2.0,SIGNAL_SILENT,SILENT
2026-05-26T21:52:25.677312,PULSE_2.0,SIGNAL_SILENT,SILENT
2026-05-26T21:52:26.679365,PULSE_2.0,SIGNAL_SILENT,SILENT
2026-05-26T21:52:27.683045,PULSE_2.0,SIGNAL_SILENT,SILENT
2026-05-26T21:52:28.686420,PULSE_2.0,SIGNAL_SILENT,SILENT
2026-05-26T21:52:29.689641,PULSE_2.0,SIGNAL_SILENT,SILENT
2026-05-26T21:52:30.691130,PULSE_2.0,SIGNAL_SILENT,SILENT
2026-05-26T21:54:03.310549,PULSE_2.0,SIGNAL_SILENT,SILENT
2026-05-26T21:54:04.314266,PULSE_2.0,SIGNAL_SILENT,SILENT
2026-05-26T21:54:05.315789,PULSE_2.0,SIGNAL_SILENT,SILENT
2026-05-26T21:54:06.318743,PULSE_2.0,SIGNAL_SILENT,SILENT
2026-05-26T21:54:07.321766,PULSE_2.0,SIGNAL_SILENT,SILENT
2026-05-26T21:54:08.323266,PULSE_2.0,SIGNAL_SILENT,SILENT
2026-05-26T21:54:09.326163,PULSE_2.0,SIGNAL_SILENT,SILENT
2026-05-26T21:54:10.328691,PULSE_2.0,SIGNAL_SILENT,SILENT
2026-05-26T21:54:11.330959,PULSE_2.0,SIGNAL_SILENT,SILENT
2026-05-26T21:54:12.334672,PULSE_2.0,SIGNAL_SILENT,SILENT
2026-05-26T21:54:13.336724,PULSE_2.0,SIGNAL_SILENT,SILENT
2026-05-26T21:54:14.339999,PULSE_2.0,SIGNAL_SILENT,SILENT
2026-05-26T21:57:52.895605,PULSE_2.0,SIGNAL_SILENT,SILENT
2026-05-26T21:57:53.897317,PULSE_2.0,SIGNAL_SILENT,SILENT
2026-05-26T21:57:54.899408,PULSE_2.0,SIGNAL_SILENT,SILENT
2026-05-26T21:57:55.900243,PULSE_2.0,SIGNAL_SILENT,SILENT
2026-05-26T21:57:56.901725,PULSE_2.0,SIGNAL_SILENT,SILENT
2026-05-26T21:57:57.902779,PULSE_2.0,SIGNAL_SILENT,SILENT
2026-05-26T21:57:58.904807,PULSE_2.0,SIGNAL_SILENT,SILENT
2026-05-26T21:57:59.906786,PULSE_2.0,SIGNAL_SILENT,SILENT
2026-05-26T21:58:00.908673,PULSE_2.0,SIGNAL_SILENT,SILENT
2026-05-26T21:58:01.909511,PULSE_2.0,SIGNAL_SILENT,SILENT
2026-05-26T21:58:02.910256,PULSE_2.0,SIGNAL_SILENT,SILENT
2026-05-26T21:58:03.911112,PULSE_2.0,SIGNAL_SILENT,SILENT
2026-05-26T21:58:04.927693,PULSE_2.0,SIGNAL_SILENT,SILENT
2026-05-26T21:58:05.928528,PULSE_2.0,SIGNAL_SILENT,SILENT
2026-05-26T21:58:06.930201,PULSE_2.0,SIGNAL_SILENT,SILENT
2026-05-26T21:58:07.930970,PULSE_2.0,SIGNAL_SILENT,SILENT
2026-05-26T21:58:08.933550,PULSE_2.0,SIGNAL_SILENT,SILENT
2026-05-26T21:58:09.934609,PULSE_2.0,SIGNAL_SILENT,SILENT
2026-05-26T21:58:10.936420,PULSE_2.0,SIGNAL_SILENT,SILENT
2026-05-26T21:58:11.938854,PULSE_2.0,SIGNAL_SILENT,SILENT
2026-05-26T21:58:12.941328,PULSE_2.0,SIGNAL_SILENT,SILENT
2026-05-26T21:58:13.943285,PULSE_2.0,SIGNAL_SILENT,SILENT
2026-05-26T21:58:14.945378,PULSE_2.0,SIGNAL_SILENT,SILENT
2026-05-26T21:58:15.947430,PULSE_2.0,SIGNAL_SILENT,SILENT
2026-05-26T21:58:16.948969,PULSE_2.0,SIGNAL_SILENT,SILENT
2026-05-26T21:58:17.950333,PULSE_2.0,SIGNAL_SILENT,SILENT
2026-05-26T21:58:18.951929,PULSE_2.0,SIGNAL_SILENT,SILENT
2026-05-26T21:58:19.953406,PULSE_2.0,SIGNAL_SILENT,SILENT
2026-05-26T21:58:20.954623,PULSE_2.0,SIGNAL_SILENT,SILENT
2026-05-26T21:58:21.955736,PULSE_2.0,SIGNAL_SILENT,SILENT
2026-05-26T21:58:22.957290,PULSE_2.0,SIGNAL_SILENT,SILENT
2026-05-26T21:58:23.960442,PULSE_2.0,SIGNAL_SILENT,SILENT
2026-05-26T21:58:24.962163,PULSE_2.0,SIGNAL_SILENT,SILENT
2026-05-26T21:58:25.963665,PULSE_2.0,SIGNAL_SILENT,SILENT
2026-05-26T21:58:26.966425,PULSE_2.0,SIGNAL_SILENT,SILENT
2026-05-26T21:58:27.969938,PULSE_2.0,SIGNAL_SILENT,SILENT
2026-05-26T21:58:28.972078,PULSE_2.0,SIGNAL_SILENT,SILENT
2026-05-26T21:58:29.973694,PULSE_2.0,SIGNAL_SILENT,SILENT
2026-05-26T21:58:30.974775,PULSE_2.0,SIGNAL_SILENT,SILENT
2026-05-26T21:58:31.975798,PULSE_2.0,SIGNAL_SILENT,SILENT
2026-05-26T21:58:32.976751,PULSE_2.0,SIGNAL_SILENT,SILENT
2026-05-26T21:58:33.979100,PULSE_2.0,SIGNAL_SILENT,SILENT
2026-05-26T21:58:34.981763,PULSE_2.0,SIGNAL_SILENT,SILENT
2026-05-26T21:58:35.982800,PULSE_2.0,SIGNAL_SILENT,SILENT
2026-05-26T21:58:36.984869,PULSE_2.0,SIGNAL_SILENT,SILENT
2026-05-26T21:58:37.987171,PULSE_2.0,SIGNAL_SILENT,SILENT
2026-05-26T21:58:38.988255,PULSE_2.0,SIGNAL_SILENT,SILENT
2026-05-26T21:58:39.990228,PULSE_2.0,SIGNAL_SILENT,SILENT
2026-05-26T21:58:40.993893,PULSE_2.0,SIGNAL_SILENT,SILENT
2026-05-26T21:58:41.996210,PULSE_2.0,SIGNAL_SILENT,SILENT
2026-05-26T21:58:42.998405,PULSE_2.0,SIGNAL_SILENT,SILENT
2026-05-26T21:58:44.000790,PULSE_2.0,SIGNAL_SILENT,SILENT
2026-05-26T21:58:45.002930,PULSE_2.0,SIGNAL_SILENT,SILENT
2026-05-26T21:58:46.005825,PULSE_2.0,SIGNAL_SILENT,SILENT
2026-05-26T21:58:47.008302,PULSE_2.0,SIGNAL_SILENT,SILENT
2026-05-26T21:58:48.010116,PULSE_2.0,SIGNAL_SILENT,SILENT
2026-05-26T21:58:49.011519,PULSE_2.0,SIGNAL_SILENT,SILENT
2026-05-26T21:58:50.013554,PULSE_2.0,SIGNAL_SILENT,SILENT
2026-05-26T21:58:51.015173,PULSE_2.0,SIGNAL_SILENT,SILENT
2026-05-26T21:58:52.016833,PULSE_2.0,SIGNAL_SILENT,SILENT
2026-05-26T21:58:53.018798,PULSE_2.0,SIGNAL_SILENT,SILENT
2026-05-26T21:58:54.022144,PULSE_2.0,SIGNAL_SILENT,SILENT
2026-05-26T21:58:55.024144,PULSE_2.0,SIGNAL_SILENT,SILENT
2026-05-26T21:58:56.026316,PULSE_2.0,SIGNAL_SILENT,SILENT
2026-05-26T21:58:57.027872,PULSE_2.0,SIGNAL_SILENT,SILENT
2026-05-26T21:58:58.029855,PULSE_2.0,SIGNAL_SILENT,SILENT
2026-05-26T21:58:59.031845,PULSE_2.0,SIGNAL_SILENT,SILENT
2026-05-26T21:59:00.034116,PULSE_2.0,SIGNAL_SILENT,SILENT
2026-05-26T21:59:01.036267,PULSE_2.0,SIGNAL_SILENT,SILENT
2026-05-26T21:59:02.038145,PULSE_2.0,SIGNAL_SILENT,SILENT
2026-05-26T21:59:03.040817,PULSE_2.0,SIGNAL_SILENT,SILENT
2026-05-26T21:59:04.042742,PULSE_2.0,SIGNAL_SILENT,SILENT
2026-05-26T21:59:05.045014,PULSE_2.0,SIGNAL_SILENT,SILENT
2026-05-26T21:59:06.047452,PULSE_2.0,SIGNAL_SILENT,SILENT
2026-05-26T21:59:07.049405,PULSE_2.0,SIGNAL_SILENT,SILENT
2026-05-26T21:59:08.051076,PULSE_2.0,SIGNAL_SILENT,SILENT
2026-05-26T21:59:09.053623,PULSE_2.0,SIGNAL_SILENT,SILENT
2026-05-26T21:59:10.056578,PULSE_2.0,SIGNAL_SILENT,SILENT
2026-05-26T21:59:11.060412,PULSE_2.0,SIGNAL_SILENT,SILENT
2026-05-26T21:59:12.062244,PULSE_2.0,SIGNAL_SILENT,SILENT
2026-05-26T21:59:13.064764,PULSE_2.0,SIGNAL_SILENT,SILENT
2026-05-26T21:59:14.067848,PULSE_2.0,SIGNAL_SILENT,SILENT
2026-05-26T21:59:15.070609,PULSE_2.0,SIGNAL_SILENT,SILENT
2026-05-26T21:59:16.072344,PULSE_2.0,SIGNAL_SILENT,SILENT
2026-05-26T21:59:17.074134,PULSE_2.0,SIGNAL_SILENT,SILENT
2026-05-26T21:59:18.076486,PULSE_2.0,SIGNAL_SILENT,SILENT
2026-05-26T21:59:19.078384,PULSE_2.0,SIGNAL_SILENT,SILENT
2026-05-26T21:59:20.080366,PULSE_2.0,SIGNAL_SILENT,SILENT
2026-05-26T21:59:21.081475,PULSE_2.0,SIGNAL_SILENT,SILENT
2026-05-26T21:59:22.084768,PULSE_2.0,SIGNAL_SILENT,SILENT
2026-05-26T21:59:23.090232,PULSE_2.0,SIGNAL_SILENT,SILENT
2026-05-26T21:59:24.092237,PULSE_2.0,SIGNAL_SILENT,SILENT
2026-05-26T21:59:25.093626,PULSE_2.0,SIGNAL_SILENT,SILENT
2026-05-26T21:59:26.095612,PULSE_2.0,SIGNAL_SILENT,SILENT
2026-05-26T21:59:27.097620,PULSE_2.0,SIGNAL_SILENT,SILENT
2026-05-26T21:59:28.098550,PULSE_2.0,SIGNAL_SILENT,SILENT
2026-05-26T21:59:29.100020,PULSE_2.0,SIGNAL_SILENT,SILENT
2026-05-26T21:59:30.101537,PULSE_2.0,SIGNAL_SILENT,SILENT
2026-05-26T21:59:31.103275,PULSE_2.0,SIGNAL_SILENT,SILENT
2026-05-26T22:04:03.698013,PULSE_2.0,SIGNAL_SILENT,SILENT
2026-05-26T22:04:04.702932,PULSE_2.0,SIGNAL_SILENT,SILENT
2026-05-26T22:04:05.706125,PULSE_2.0,SIGNAL_SILENT,SILENT
2026-05-26T22:04:06.708419,PULSE_2.0,SIGNAL_SILENT,SILENT
2026-05-26T22:04:07.709635,PULSE_2.0,SIGNAL_SILENT,SILENT
2026-05-26T22:04:08.712359,PULSE_2.0,SIGNAL_SILENT,SILENT
2026-05-26T22:04:09.714858,PULSE_2.0,SIGNAL_SILENT,SILENT
2026-05-26T22:04:10.718841,PULSE_2.0,SIGNAL_SILENT,SILENT
2026-05-26T22:04:11.722540,PULSE_2.0,SIGNAL_SILENT,SILENT
2026-05-26T22:04:12.726020,PULSE_2.0,SIGNAL_SILENT,SILENT
2026-05-26T22:04:13.729805,PULSE_2.0,SIGNAL_SILENT,SILENT
2026-05-26T22:04:14.733641,PULSE_2.0,SIGNAL_SILENT,SILENT
2026-05-26T22:04:15.736678,PULSE_2.0,SIGNAL_SILENT,SILENT
2026-05-26T22:04:16.738405,PULSE_2.0,SIGNAL_SILENT,SILENT
2026-05-26T22:04:17.741428,PULSE_2.0,SIGNAL_SILENT,SILENT
2026-05-26T22:04:18.744346,PULSE_2.0,SIGNAL_SILENT,SILENT
2026-05-26T22:04:19.746907,PULSE_2.0,SIGNAL_SILENT,SILENT
2026-05-26T22:04:20.748362,PULSE_2.0,SIGNAL_SILENT,SILENT
2026-05-26T22:04:21.751337,PULSE_2.0,SIGNAL_SILENT,SILENT
2026-05-26T22:04:22.752766,PULSE_2.0,SIGNAL_SILENT,SILENT
2026-05-26T22:04:23.755450,PULSE_2.0,SIGNAL_SILENT,SILENT
2026-05-26T22:04:24.759192,PULSE_2.0,SIGNAL_SILENT,SILENT
2026-05-26T22:04:25.761595,PULSE_2.0,SIGNAL_SILENT,SILENT
2026-05-26T22:04:26.763138,PULSE_2.0,SIGNAL_SILENT,SILENT
2026-05-26T22:04:27.766032,PULSE_2.0,SIGNAL_SILENT,SILENT
2026-05-26T22:04:28.769581,PULSE_2.0,SIGNAL_SILENT,SILENT
2026-05-26T22:04:29.772396,PULSE_2.0,SIGNAL_SILENT,SILENT
2026-05-26T22:04:30.774580,PULSE_2.0,SIGNAL_SILENT,SILENT
2026-05-26T22:04:31.776746,PULSE_2.0,SIGNAL_SILENT,SILENT
2026-05-26T22:04:32.779287,PULSE_2.0,SIGNAL_SILENT,SILENT
2026-05-26T22:04:33.781511,PULSE_2.0,SIGNAL_SILENT,SILENT
2026-05-26T22:04:34.783206,PULSE_2.0,SIGNAL_SILENT,SILENT
2026-05-26T22:04:35.784613,PULSE_2.0,SIGNAL_SILENT,SILENT
2026-05-26T22:04:36.786372,PULSE_2.0,SIGNAL_SILENT,SILENT
2026-05-26T22:04:37.787732,PULSE_2.0,SIGNAL_SILENT,SILENT
2026-05-26T22:04:38.789687,PULSE_2.0,SIGNAL_SILENT,SILENT
2026-05-26T22:04:39.791553,PULSE_2.0,SIGNAL_SILENT,SILENT
2026-05-26T22:04:40.793260,PULSE_2.0,SIGNAL_SILENT,SILENT
2026-05-26T22:04:41.795026,PULSE_2.0,SIGNAL_SILENT,SILENT
2026-05-26T22:04:42.796757,PULSE_2.0,SIGNAL_SILENT,SILENT
2026-05-26T22:04:43.798075,PULSE_2.0,SIGNAL_SILENT,SILENT
2026-05-27T14:44:49.014316,PULSE_2.0,SIGNAL_SILENT,SILENT
2026-05-27T14:44:50.019036,PULSE_2.0,SIGNAL_SILENT,SILENT
2026-05-27T14:44:51.020943,PULSE_2.0,SIGNAL_SILENT,SILENT
2026-05-27T14:44:52.023404,PULSE_2.0,SIGNAL_SILENT,SILENT
2026-05-27T14:44:53.024986,PULSE_2.0,SIGNAL_SILENT,SILENT
2026-05-27T14:44:54.027437,PULSE_2.0,SIGNAL_SILENT,SILENT
2026-05-27T14:44:55.029981,PULSE_2.0,SIGNAL_SILENT,SILENT
2026-05-27T14:44:56.032054,PULSE_2.0,SIGNAL_SILENT,SILENT
2026-05-27T14:44:57.033283,PULSE_2.0,SIGNAL_SILENT,SILENT
2026-05-27T14:44:58.035310,PULSE_2.0,SIGNAL_SILENT,SILENT
2026-05-27T14:44:59.037117,PULSE_2.0,SIGNAL_SILENT,SILENT
2026-05-27T19:58:46.026341,PULSE_2.0,SIGNAL_SILENT,SILENT
2026-05-27T19:58:47.029523,PULSE_2.0,SIGNAL_SILENT,SILENT
2026-05-27T19:58:48.034550,PULSE_2.0,SIGNAL_SILENT,SILENT
2026-05-27T19:58:49.037332,PULSE_2.0,SIGNAL_SILENT,SILENT
2026-05-27T19:58:50.041139,PULSE_2.0,SIGNAL_SILENT,SILENT
2026-05-27T19:58:51.042955,PULSE_2.0,SIGNAL_SILENT,SILENT
2026-05-27T19:58:52.045481,PULSE_2.0,SIGNAL_SILENT,SILENT
2026-05-27T19:58:53.048180,PULSE_2.0,SIGNAL_SILENT,SILENT
2026-05-27T19:58:54.050274,PULSE_2.0,SIGNAL_SILENT,SILENT
2026-05-27T19:58:55.053084,PULSE_2.0,SIGNAL_SILENT,SILENT
2026-05-27T19:58:56.054634,PULSE_2.0,SIGNAL_SILENT,SILENT
2026-05-27T19:58:57.056376,PULSE_2.0,SIGNAL_SILENT,SILENT
2026-05-27T19:58:58.058953,PULSE_2.0,SIGNAL_SILENT,SILENT
2026-05-27T19:58:59.061530,PULSE_2.0,SIGNAL_SILENT,SILENT
2026-05-27T19:59:00.065710,PULSE_2.0,SIGNAL_SILENT,SILENT
2026-05-27T19:59:01.067209,PULSE_2.0,SIGNAL_SILENT,SILENT
2026-05-27T19:59:02.068308,PULSE_2.0,SIGNAL_SILENT,SILENT
2026-05-27T19:59:03.076621,PULSE_2.0,SIGNAL_SILENT,SILENT
2026-05-27T19:59:04.077807,PULSE_2.0,SIGNAL_SILENT,SILENT
2026-05-27T19:59:05.078795,PULSE_2.0,SIGNAL_SILENT,SILENT
2026-05-27T19:59:06.081217,PULSE_2.0,SIGNAL_SILENT,SILENT
2026-05-27T19:59:07.083008,PULSE_2.0,SIGNAL_SILENT,SILENT
2026-05-27T19:59:08.085467,PULSE_2.0,SIGNAL_SILENT,SILENT
2026-05-27T19:59:09.087669,PULSE_2.0,SIGNAL_SILENT,SILENT
2026-05-27T19:59:10.093693,PULSE_2.0,SIGNAL_SILENT,SILENT
2026-05-27T19:59:11.095755,PULSE_2.0,SIGNAL_SILENT,SILENT
2026-05-27T19:59:12.098197,PULSE_2.0,SIGNAL_SILENT,SILENT
2026-05-27T19:59:13.101672,PULSE_2.0,SIGNAL_SILENT,SILENT
2026-05-27T19:59:14.103774,PULSE_2.0,SIGNAL_SILENT,SILENT
2026-05-27T19:59:15.106969,PULSE_2.0,SIGNAL_SILENT,SILENT
2026-05-27T19:59:16.109622,PULSE_2.0,SIGNAL_SILENT,SILENT
2026-05-27T19:59:17.118116,PULSE_2.0,SIGNAL_SILENT,SILENT
2026-05-27T19:59:18.121267,PULSE_2.0,SIGNAL_SILENT,SILENT
2026-05-27T19:59:19.125649,PULSE_2.0,SIGNAL_SILENT,SILENT
2026-05-27T19:59:20.131769,PULSE_2.0,SIGNAL_SILENT,SILENT
2026-05-27T19:59:21.135808,PULSE_2.0,SIGNAL_SILENT,SILENT
2026-05-27T19:59:22.138278,PULSE_2.0,SIGNAL_SILENT,SILENT
2026-05-27T19:59:23.141370,PULSE_2.0,SIGNAL_SILENT,SILENT
2026-05-27T19:59:24.143997,PULSE_2.0,SIGNAL_SILENT,SILENT
2026-05-27T19:59:25.145452,PULSE_2.0,SIGNAL_SILENT,SILENT
2026-05-27T19:59:26.147262,PULSE_2.0,SIGNAL_SILENT,SILENT
2026-05-27T19:59:27.150049,PULSE_2.0,SIGNAL_SILENT,SILENT
2026-05-27T19:59:28.152342,PULSE_2.0,SIGNAL_SILENT,SILENT
2026-05-27T19:59:29.154929,PULSE_2.0,SIGNAL_SILENT,SILENT
2026-05-27T19:59:30.158108,PULSE_2.0,SIGNAL_SILENT,SILENT
2026-05-27T19:59:31.161764,PULSE_2.0,SIGNAL_SILENT,SILENT
2026-05-27T19:59:32.163591,PULSE_2.0,SIGNAL_SILENT,SILENT
2026-05-27T19:59:33.167418,PULSE_2.0,SIGNAL_SILENT,SILENT
2026-05-27T19:59:34.170087,PULSE_2.0,SIGNAL_SILENT,SILENT
2026-05-27T19:59:35.172313,PULSE_2.0,SIGNAL_SILENT,SILENT
2026-05-27T19:59:36.177409,PULSE_2.0,SIGNAL_SILENT,SILENT
2026-05-27T19:59:37.181441,PULSE_2.0,SIGNAL_SILENT,SILENT
2026-05-27T19:59:38.183393,PULSE_2.0,SIGNAL_SILENT,SILENT
2026-05-27T19:59:39.185843,PULSE_2.0,SIGNAL_SILENT,SILENT
2026-05-27T19:59:40.188154,PULSE_2.0,SIGNAL_SILENT,SILENT
2026-05-27T19:59:41.190344,PULSE_2.0,SIGNAL_SILENT,SILENT
2026-05-27T19:59:42.193341,PULSE_2.0,SIGNAL_SILENT,SILENT
2026-05-27T19:59:43.195638,PULSE_2.0,SIGNAL_SILENT,SILENT
2026-05-27T19:59:44.198214,PULSE_2.0,SIGNAL_SILENT,SILENT
2026-05-27T19:59:45.202143,PULSE_2.0,SIGNAL_SILENT,SILENT
2026-05-27T19:59:46.206479,PULSE_2.0,SIGNAL_SILENT,SILENT
2026-05-27T19:59:47.207847,PULSE_2.0,SIGNAL_SILENT,SILENT
2026-05-27T19:59:48.209388,PULSE_2.0,SIGNAL_SILENT,SILENT
2026-05-27T19:59:49.211531,PULSE_2.0,SIGNAL_SILENT,SILENT
2026-05-27T19:59:50.214951,PULSE_2.0,SIGNAL_SILENT,SILENT
2026-05-27T19:59:51.217250,PULSE_2.0,SIGNAL_SILENT,SILENT
2026-05-27T19:59:52.220037,PULSE_2.0,SIGNAL_SILENT,SILENT
2026-05-27T19:59:53.221803,PULSE_2.0,SIGNAL_SILENT,SILENT
2026-05-27T19:59:54.224542,PULSE_2.0,SIGNAL_SILENT,SILENT
2026-05-27T19:59:55.226835,PULSE_2.0,SIGNAL_SILENT,SILENT
2026-05-27T19:59:56.229534,PULSE_2.0,SIGNAL_SILENT,SILENT
2026-05-27T19:59:57.231290,PULSE_2.0,SIGNAL_SILENT,SILENT
2026-05-27T19:59:58.234008,PULSE_2.0,SIGNAL_SILENT,SILENT
2026-05-27T19:59:59.235764,PULSE_2.0,SIGNAL_SILENT,SILENT
2026-05-27T20:00:00.237339,PULSE_2.0,SIGNAL_SILENT,SILENT
2026-05-27T20:00:01.240377,PULSE_2.0,SIGNAL_SILENT,SILENT
2026-05-27T20:00:02.242584,PULSE_2.0,SIGNAL_SILENT,SILENT
2026-05-27T20:00:03.245124,PULSE_2.0,SIGNAL_SILENT,SILENT
2026-05-27T20:00:04.246906,PULSE_2.0,SIGNAL_SILENT,SILENT
2026-05-27T20:00:05.250181,PULSE_2.0,SIGNAL_SILENT,SILENT
2026-05-27T20:00:06.253659,PULSE_2.0,SIGNAL_SILENT,SILENT
2026-05-27T20:00:07.256336,PULSE_2.0,SIGNAL_SILENT,SILENT
2026-05-27T20:00:08.258486,PULSE_2.0,SIGNAL_SILENT,SILENT
2026-05-27T20:00:09.261087,PULSE_2.0,SIGNAL_SILENT,SILENT
2026-05-27T20:00:10.263441,PULSE_2.0,SIGNAL_SILENT,SILENT
2026-05-27T20:00:11.265837,PULSE_2.0,SIGNAL_SILENT,SILENT
2026-05-27T20:00:12.267711,PULSE_2.0,SIGNAL_SILENT,SILENT
2026-05-27T20:00:13.270302,PULSE_2.0,SIGNAL_SILENT,SILENT
2026-05-27T20:00:14.272241,PULSE_2.0,SIGNAL_SILENT,SILENT
2026-05-27T20:00:15.274557,PULSE_2.0,SIGNAL_SILENT,SILENT
2026-05-27T20:00:16.277502,PULSE_2.0,SIGNAL_SILENT,SILENT
2026-05-27T20:00:17.279371,PULSE_2.0,SIGNAL_SILENT,SILENT
2026-05-27T20:00:18.281711,PULSE_2.0,SIGNAL_SILENT,SILENT
2026-05-27T20:00:19.285736,PULSE_2.0,SIGNAL_SILENT,SILENT
2026-05-27T20:00:20.287513,PULSE_2.0,SIGNAL_SILENT,SILENT
2026-05-27T20:00:21.289988,PULSE_2.0,SIGNAL_SILENT,SILENT
2026-05-27T20:00:22.292404,PULSE_2.0,SIGNAL_SILENT,SILENT
2026-05-27T20:00:23.296988,PULSE_2.0,SIGNAL_SILENT,SILENT
2026-05-27T20:00:24.299200,PULSE_2.0,SIGNAL_SILENT,SILENT
2026-05-27T20:00:25.301906,PULSE_2.0,SIGNAL_SILENT,SILENT
2026-05-27T20:00:26.305153,PULSE_2.0,SIGNAL_SILENT,SILENT
2026-05-27T20:00:27.306963,PULSE_2.0,SIGNAL_SILENT,SILENT
2026-05-27T20:00:28.309593,PULSE_2.0,SIGNAL_SILENT,SILENT
2026-05-27T20:00:29.311547,PULSE_2.0,SIGNAL_SILENT,SILENT
2026-05-27T20:00:30.313843,PULSE_2.0,SIGNAL_SILENT,SILENT
2026-05-27T20:00:31.316525,PULSE_2.0,SIGNAL_SILENT,SILENT
2026-05-27T20:00:32.318559,PULSE_2.0,SIGNAL_SILENT,SILENT
2026-05-27T20:00:33.319791,PULSE_2.0,SIGNAL_SILENT,SILENT
2026-05-27T20:00:34.322533,PULSE_2.0,SIGNAL_SILENT,SILENT
2026-05-27T20:00:35.323786,PULSE_2.0,SIGNAL_SILENT,SILENT
2026-05-27T20:00:36.325780,PULSE_2.0,SIGNAL_SILENT,SILENT
2026-05-27T20:00:37.327102,PULSE_2.0,SIGNAL_SILENT,SILENT
2026-05-27T20:00:38.329940,PULSE_2.0,SIGNAL_SILENT,SILENT
2026-05-27T20:00:39.332349,PULSE_2.0,SIGNAL_SILENT,SILENT
2026-05-27T20:00:40.336342,PULSE_2.0,SIGNAL_SILENT,SILENT
2026-05-27T20:00:41.338720,PULSE_2.0,SIGNAL_SILENT,SILENT
2026-05-27T20:00:42.341267,PULSE_2.0,SIGNAL_SILENT,SILENT
2026-05-27T20:00:43.343046,PULSE_2.0,SIGNAL_SILENT,SILENT
2026-05-27T20:00:44.344662,PULSE_2.0,SIGNAL_SILENT,SILENT
2026-05-27T20:00:45.346749,PULSE_2.0,SIGNAL_SILENT,SILENT
2026-05-27T20:00:46.348377,PULSE_2.0,SIGNAL_SILENT,SILENT
2026-05-27T20:00:47.350408,PULSE_2.0,SIGNAL_SILENT,SILENT
2026-05-27T20:00:48.351604,PULSE_2.0,SIGNAL_SILENT,SILENT
2026-05-27T20:00:49.352821,PULSE_2.0,SIGNAL_SILENT,SILENT
2026-05-27T20:00:50.353979,PULSE_2.0,SIGNAL_SILENT,SILENT
2026-05-27T20:00:51.354935,PULSE_2.0,SIGNAL_SILENT,SILENT
2026-05-27T20:00:52.357128,PULSE_2.0,SIGNAL_SILENT,SILENT
2026-05-27T20:00:53.360282,PULSE_2.0,SIGNAL_SILENT,SILENT
2026-05-27T20:00:54.362239,PULSE_2.0,SIGNAL_SILENT,SILENT
2026-05-27T20:00:55.364559,PULSE_2.0,SIGNAL_SILENT,SILENT
2026-05-27T20:00:56.366862,PULSE_2.0,SIGNAL_SILENT,SILENT
2026-05-27T20:00:57.369172,PULSE_2.0,SIGNAL_SILENT,SILENT
2026-05-27T20:00:58.370794,PULSE_2.0,SIGNAL_SILENT,SILENT
2026-05-27T20:00:59.371928,PULSE_2.0,SIGNAL_SILENT,SILENT
2026-05-27T20:01:00.374064,PULSE_2.0,SIGNAL_SILENT,SILENT
2026-05-27T20:01:01.377770,PULSE_2.0,SIGNAL_SILENT,SILENT
2026-05-27T20:01:02.379141,PULSE_2.0,SIGNAL_SILENT,SILENT
2026-05-27T20:01:03.383897,PULSE_2.0,SIGNAL_SILENT,SILENT
2026-05-27T20:01:04.388301,PULSE_2.0,SIGNAL_SILENT,SILENT
2026-05-27T20:01:05.393699,PULSE_2.0,SIGNAL_SILENT,SILENT
2026-05-27T20:01:06.395319,PULSE_2.0,SIGNAL_SILENT,SILENT
2026-05-27T20:01:07.396922,PULSE_2.0,SIGNAL_SILENT,SILENT
2026-05-27T20:01:08.398267,PULSE_2.0,SIGNAL_SILENT,SILENT
2026-05-27T20:01:09.400912,PULSE_2.0,SIGNAL_SILENT,SILENT
2026-05-27T20:01:10.402668,PULSE_2.0,SIGNAL_SILENT,SILENT
2026-05-27T20:01:11.403977,PULSE_2.0,SIGNAL_SILENT,SILENT
2026-05-27T20:01:12.405706,PULSE_2.0,SIGNAL_SILENT,SILENT
2026-05-27T20:01:13.406908,PULSE_2.0,SIGNAL_SILENT,SILENT
2026-05-27T20:01:14.409533,PULSE_2.0,SIGNAL_SILENT,SILENT
2026-05-27T20:01:15.411234,PULSE_2.0,SIGNAL_SILENT,SILENT
2026-05-27T20:01:16.413616,PULSE_2.0,SIGNAL_SILENT,SILENT
2026-05-27T20:01:17.415092,PULSE_2.0,SIGNAL_SILENT,SILENT
2026-05-27T20:01:18.416592,PULSE_2.0,SIGNAL_SILENT,SILENT
2026-05-27T20:01:19.418268,PULSE_2.0,SIGNAL_SILENT,SILENT
2026-05-27T20:01:20.421042,PULSE_2.0,SIGNAL_SILENT,SILENT
2026-05-27T20:01:21.427796,PULSE_2.0,SIGNAL_SILENT,SILENT
2026-05-27T20:01:22.429639,PULSE_2.0,SIGNAL_SILENT,SILENT
2026-05-27T20:01:23.431443,PULSE_2.0,SIGNAL_SILENT,SILENT
2026-05-27T20:01:24.434795,PULSE_2.0,SIGNAL_SILENT,SILENT
2026-05-27T20:01:25.436301,PULSE_2.0,SIGNAL_SILENT,SILENT
2026-05-27T20:01:26.439521,PULSE_2.0,SIGNAL_SILENT,SILENT
2026-05-27T20:01:27.445352,PULSE_2.0,SIGNAL_SILENT,SILENT
2026-05-27T20:01:28.446955,PULSE_2.0,SIGNAL_SILENT,SILENT
2026-05-27T20:01:29.450659,PULSE_2.0,SIGNAL_SILENT,SILENT
2026-05-27T20:01:30.452245,PULSE_2.0,SIGNAL_SILENT,SILENT
2026-05-27T20:01:31.454989,PULSE_2.0,SIGNAL_SILENT,SILENT
2026-05-27T20:01:32.458015,PULSE_2.0,SIGNAL_SILENT,SILENT
2026-05-27T20:01:33.459985,PULSE_2.0,SIGNAL_SILENT,SILENT
2026-05-27T20:01:34.462422,PULSE_2.0,SIGNAL_SILENT,SILENT
2026-05-27T20:01:35.463786,PULSE_2.0,SIGNAL_SILENT,SILENT
2026-05-27T20:01:36.465694,PULSE_2.0,SIGNAL_SILENT,SILENT
2026-05-27T20:01:37.467725,PULSE_2.0,SIGNAL_SILENT,SILENT
2026-05-27T20:01:38.469967,PULSE_2.0,SIGNAL_SILENT,SILENT
2026-05-27T20:01:39.472387,PULSE_2.0,SIGNAL_SILENT,SILENT
2026-05-27T20:01:40.476078,PULSE_2.0,SIGNAL_SILENT,SILENT
2026-05-27T20:01:41.478273,PULSE_2.0,SIGNAL_SILENT,SILENT
2026-05-27T20:01:42.479384,PULSE_2.0,SIGNAL_SILENT,SILENT
2026-05-27T20:01:43.481488,PULSE_2.0,SIGNAL_SILENT,SILENT
2026-05-27T20:01:44.483032,PULSE_2.0,SIGNAL_SILENT,SILENT
2026-05-27T20:01:45.484020,PULSE_2.0,SIGNAL_SILENT,SILENT
2026-05-27T20:01:46.486477,PULSE_2.0,SIGNAL_SILENT,SILENT
2026-05-27T20:01:47.487337,PULSE_2.0,SIGNAL_SILENT,SILENT
2026-05-27T20:01:48.489798,PULSE_2.0,SIGNAL_SILENT,SILENT
2026-05-27T20:01:49.491500,PULSE_2.0,SIGNAL_SILENT,SILENT
2026-05-27T20:01:50.492946,PULSE_2.0,SIGNAL_SILENT,SILENT
2026-05-27T20:01:51.494464,PULSE_2.0,SIGNAL_SILENT,SILENT
2026-05-27T20:01:52.496377,PULSE_2.0,SIGNAL_SILENT,SILENT
2026-05-27T20:01:53.497477,PULSE_2.0,SIGNAL_SILENT,SILENT
2026-05-27T20:01:54.498854,PULSE_2.0,SIGNAL_SILENT,SILENT
2026-05-27T20:01:55.501823,PULSE_2.0,SIGNAL_SILENT,SILENT
2026-05-27T20:01:56.506791,PULSE_2.0,SIGNAL_SILENT,SILENT
2026-05-27T20:01:57.508518,PULSE_2.0,SIGNAL_SILENT,SILENT
2026-05-27T20:01:58.512114,PULSE_2.0,SIGNAL_SILENT,SILENT
2026-05-27T20:01:59.513916,PULSE_2.0,SIGNAL_SILENT,SILENT
2026-05-27T20:02:00.515432,PULSE_2.0,SIGNAL_SILENT,SILENT
2026-05-27T20:02:01.518041,PULSE_2.0,SIGNAL_SILENT,SILENT
2026-05-27T20:02:02.520077,PULSE_2.0,SIGNAL_SILENT,SILENT
2026-05-27T20:02:03.526712,PULSE_2.0,SIGNAL_SILENT,SILENT
2026-05-27T20:02:04.533738,PULSE_2.0,SIGNAL_SILENT,SILENT
2026-05-27T20:02:05.534856,PULSE_2.0,SIGNAL_SILENT,SILENT
2026-05-27T20:02:06.536464,PULSE_2.0,SIGNAL_SILENT,SILENT
2026-05-27T20:02:07.539691,PULSE_2.0,SIGNAL_SILENT,SILENT
2026-05-27T20:02:08.542601,PULSE_2.0,SIGNAL_SILENT,SILENT
2026-05-27T20:02:09.548098,PULSE_2.0,SIGNAL_SILENT,SILENT
2026-05-27T20:02:10.550217,PULSE_2.0,SIGNAL_SILENT,SILENT
2026-05-27T20:02:11.553208,PULSE_2.0,SIGNAL_SILENT,SILENT
2026-05-27T20:02:12.557299,PULSE_2.0,SIGNAL_SILENT,SILENT
2026-05-27T20:02:13.562480,PULSE_2.0,SIGNAL_SILENT,SILENT
2026-05-27T20:02:14.565494,PULSE_2.0,SIGNAL_SILENT,SILENT
2026-05-27T20:02:15.566682,PULSE_2.0,SIGNAL_SILENT,SILENT
2026-05-27T20:02:16.569728,PULSE_2.0,SIGNAL_SILENT,SILENT
2026-05-27T20:02:17.570774,PULSE_2.0,SIGNAL_SILENT,SILENT
2026-05-27T20:02:18.572625,PULSE_2.0,SIGNAL_SILENT,SILENT
2026-05-27T20:02:19.581555,PULSE_2.0,SIGNAL_SILENT,SILENT
2026-05-27T20:02:20.583328,PULSE_2.0,SIGNAL_SILENT,SILENT
2026-05-27T20:02:21.585481,PULSE_2.0,SIGNAL_SILENT,SILENT
2026-05-27T20:02:22.587204,PULSE_2.0,SIGNAL_SILENT,SILENT
2026-05-27T20:02:23.589684,PULSE_2.0,SIGNAL_SILENT,SILENT
2026-05-27T20:02:24.591174,PULSE_2.0,SIGNAL_SILENT,SILENT
2026-05-27T20:02:25.592951,PULSE_2.0,SIGNAL_SILENT,SILENT
2026-05-27T20:02:26.594868,PULSE_2.0,SIGNAL_SILENT,SILENT
2026-05-27T20:02:27.595711,PULSE_2.0,SIGNAL_SILENT,SILENT
2026-05-27T20:02:28.597438,PULSE_2.0,SIGNAL_SILENT,SILENT
2026-05-27T20:02:29.600045,PULSE_2.0,SIGNAL_SILENT,SILENT
2026-05-27T20:02:30.602434,PULSE_2.0,SIGNAL_SILENT,SILENT
2026-05-27T20:02:31.603740,PULSE_2.0,SIGNAL_SILENT,SILENT
2026-05-27T20:02:32.608216,PULSE_2.0,SIGNAL_SILENT,SILENT
2026-05-27T20:02:33.610616,PULSE_2.0,SIGNAL_SILENT,SILENT
2026-05-27T20:02:34.613229,PULSE_2.0,SIGNAL_SILENT,SILENT
2026-05-27T20:02:35.616009,PULSE_2.0,SIGNAL_SILENT,SILENT
2026-05-27T20:02:36.617364,PULSE_2.0,SIGNAL_SILENT,SILENT
2026-05-27T20:02:37.619042,PULSE_2.0,SIGNAL_SILENT,SILENT
2026-05-27T20:02:38.620526,PULSE_2.0,SIGNAL_SILENT,SILENT
2026-05-27T20:02:39.623216,PULSE_2.0,SIGNAL_SILENT,SILENT
2026-05-27T20:02:40.624167,PULSE_2.0,SIGNAL_SILENT,SILENT
2026-05-27T20:02:41.626665,PULSE_2.0,SIGNAL_SILENT,SILENT
2026-05-27T20:02:42.628176,PULSE_2.0,SIGNAL_SILENT,SILENT
2026-05-27T20:02:43.629866,PULSE_2.0,SIGNAL_SILENT,SILENT
2026-05-27T20:02:44.631638,PULSE_2.0,SIGNAL_SILENT,SILENT
2026-05-27T20:02:45.633444,PULSE_2.0,SIGNAL_SILENT,SILENT
2026-05-27T20:02:46.637354,PULSE_2.0,SIGNAL_SILENT,SILENT
2026-05-27T20:02:47.639164,PULSE_2.0,SIGNAL_SILENT,SILENT
2026-05-27T20:02:48.641013,PULSE_2.0,SIGNAL_SILENT,SILENT
2026-05-27T20:02:49.642971,PULSE_2.0,SIGNAL_SILENT,SILENT
2026-05-27T20:02:50.649759,PULSE_2.0,SIGNAL_SILENT,SILENT
2026-05-27T20:02:51.651506,PULSE_2.0,SIGNAL_SILENT,SILENT
2026-05-27T20:02:52.654810,PULSE_2.0,SIGNAL_SILENT,SILENT
2026-05-27T20:02:53.658509,PULSE_2.0,SIGNAL_SILENT,SILENT
2026-05-27T20:02:54.661265,PULSE_2.0,SIGNAL_SILENT,SILENT
2026-05-27T20:02:55.663061,PULSE_2.0,SIGNAL_SILENT,SILENT
2026-05-27T20:02:56.664610,PULSE_2.0,SIGNAL_SILENT,SILENT
2026-05-27T20:02:57.666531,PULSE_2.0,SIGNAL_SILENT,SILENT
2026-05-27T20:02:58.669753,PULSE_2.0,SIGNAL_SILENT,SILENT
2026-05-27T20:02:59.673573,PULSE_2.0,SIGNAL_SILENT,SILENT
2026-05-27T20:03:00.674653,PULSE_2.0,SIGNAL_SILENT,SILENT
2026-05-27T20:03:01.676542,PULSE_2.0,SIGNAL_SILENT,SILENT
2026-05-27T20:03:02.678649,PULSE_2.0,SIGNAL_SILENT,SILENT
2026-05-27T20:03:03.679772,PULSE_2.0,SIGNAL_SILENT,SILENT
2026-05-27T20:03:04.681732,PULSE_2.0,SIGNAL_SILENT,SILENT
2026-05-27T20:03:05.686595,PULSE_2.0,SIGNAL_SILENT,SILENT
2026-05-27T20:03:06.688176,PULSE_2.0,SIGNAL_SILENT,SILENT
2026-05-27T20:03:07.690064,PULSE_2.0,SIGNAL_SILENT,SILENT
2026-05-27T20:03:08.692434,PULSE_2.0,SIGNAL_SILENT,SILENT
2026-05-27T20:03:09.694124,PULSE_2.0,SIGNAL_SILENT,SILENT
2026-05-27T20:03:10.695659,PULSE_2.0,SIGNAL_SILENT,SILENT
2026-05-27T20:03:11.698738,PULSE_2.0,SIGNAL_SILENT,SILENT
2026-05-27T20:03:12.700211,PULSE_2.0,SIGNAL_SILENT,SILENT
2026-05-27T20:03:13.701851,PULSE_2.0,SIGNAL_SILENT,SILENT
2026-05-27T20:03:14.703624,PULSE_2.0,SIGNAL_SILENT,SILENT
2026-05-27T20:03:15.706048,PULSE_2.0,SIGNAL_SILENT,SILENT
2026-05-27T20:03:16.708111,PULSE_2.0,SIGNAL_SILENT,SILENT
2026-05-27T20:03:17.715472,PULSE_2.0,SIGNAL_SILENT,SILENT
2026-05-27T20:03:18.717930,PULSE_2.0,SIGNAL_SILENT,SILENT
2026-05-27T20:03:19.719501,PULSE_2.0,SIGNAL_SILENT,SILENT
2026-05-27T20:03:20.721883,PULSE_2.0,SIGNAL_SILENT,SILENT
2026-05-27T20:03:21.723357,PULSE_2.0,SIGNAL_SILENT,SILENT
2026-05-27T20:03:22.727024,PULSE_2.0,SIGNAL_SILENT,SILENT
2026-05-27T20:03:23.728962,PULSE_2.0,SIGNAL_SILENT,SILENT
2026-05-27T20:03:24.730384,PULSE_2.0,SIGNAL_SILENT,SILENT
2026-05-27T20:03:25.731829,PULSE_2.0,SIGNAL_SILENT,SILENT
2026-05-27T20:03:26.733465,PULSE_2.0,SIGNAL_SILENT,SILENT
2026-05-27T20:03:27.735200,PULSE_2.0,SIGNAL_SILENT,SILENT
2026-05-27T20:03:28.737016,PULSE_2.0,SIGNAL_SILENT,SILENT
2026-05-27T20:03:29.741593,PULSE_2.0,SIGNAL_SILENT,SILENT
2026-05-27T20:03:30.742652,PULSE_2.0,SIGNAL_SILENT,SILENT
2026-05-27T20:03:31.745967,PULSE_2.0,SIGNAL_SILENT,SILENT
2026-05-27T20:03:32.747332,PULSE_2.0,SIGNAL_SILENT,SILENT
2026-05-27T20:03:33.748943,PULSE_2.0,SIGNAL_SILENT,SILENT
2026-05-27T20:03:34.757060,PULSE_2.0,SIGNAL_SILENT,SILENT
2026-05-27T20:03:35.758329,PULSE_2.0,SIGNAL_SILENT,SILENT
2026-05-27T20:03:36.760230,PULSE_2.0,SIGNAL_SILENT,SILENT
2026-05-27T20:03:37.763663,PULSE_2.0,SIGNAL_SILENT,SILENT
2026-05-27T20:03:38.765544,PULSE_2.0,SIGNAL_SILENT,SILENT
2026-05-27T20:03:39.766982,PULSE_2.0,SIGNAL_SILENT,SILENT
2026-05-27T20:03:40.772264,PULSE_2.0,SIGNAL_SILENT,SILENT
2026-05-27T20:03:41.774960,PULSE_2.0,SIGNAL_SILENT,SILENT
2026-05-27T20:03:42.779396,PULSE_2.0,SIGNAL_SILENT,SILENT
2026-05-27T20:03:43.781547,PULSE_2.0,SIGNAL_SILENT,SILENT
2026-05-27T20:03:44.783505,PULSE_2.0,SIGNAL_SILENT,SILENT
2026-05-27T20:03:45.785409,PULSE_2.0,SIGNAL_SILENT,SILENT
2026-05-27T20:03:46.789452,PULSE_2.0,SIGNAL_SILENT,SILENT
2026-05-27T20:03:47.790636,PULSE_2.0,SIGNAL_SILENT,SILENT
2026-05-27T20:03:48.791827,PULSE_2.0,SIGNAL_SILENT,SILENT
2026-05-27T20:03:49.794001,PULSE_2.0,SIGNAL_SILENT,SILENT
2026-05-27T20:03:50.795841,PULSE_2.0,SIGNAL_SILENT,SILENT
2026-05-27T20:03:51.797276,PULSE_2.0,SIGNAL_SILENT,SILENT
2026-05-27T20:03:52.798734,PULSE_2.0,SIGNAL_SILENT,SILENT
2026-05-27T20:03:53.800531,PULSE_2.0,SIGNAL_SILENT,SILENT
2026-05-27T20:03:54.803605,PULSE_2.0,SIGNAL_SILENT,SILENT
2026-05-27T20:03:55.805993,PULSE_2.0,SIGNAL_SILENT,SILENT
2026-05-27T20:03:56.809502,PULSE_2.0,SIGNAL_SILENT,SILENT
2026-05-27T20:03:57.811152,PULSE_2.0,SIGNAL_SILENT,SILENT
2026-05-27T20:03:58.813605,PULSE_2.0,SIGNAL_SILENT,SILENT
2026-05-27T20:03:59.817535,PULSE_2.0,SIGNAL_SILENT,SILENT
2026-05-27T20:04:00.819209,PULSE_2.0,SIGNAL_SILENT,SILENT
2026-05-27T20:04:01.821682,PULSE_2.0,SIGNAL_SILENT,SILENT
2026-05-27T20:04:02.823701,PULSE_2.0,SIGNAL_SILENT,SILENT
2026-05-27T20:04:03.826074,PULSE_2.0,SIGNAL_SILENT,SILENT
2026-05-27T20:04:04.827387,PULSE_2.0,SIGNAL_SILENT,SILENT
2026-05-27T20:04:05.828528,PULSE_2.0,SIGNAL_SILENT,SILENT
2026-05-27T20:04:06.830416,PULSE_2.0,SIGNAL_SILENT,SILENT
2026-05-27T20:04:07.832145,PULSE_2.0,SIGNAL_SILENT,SILENT
2026-05-27T20:04:08.838944,PULSE_2.0,SIGNAL_SILENT,SILENT
2026-05-27T20:04:09.840396,PULSE_2.0,SIGNAL_SILENT,SILENT
2026-05-27T20:04:10.841987,PULSE_2.0,SIGNAL_SILENT,SILENT
2026-05-27T20:04:11.842970,PULSE_2.0,SIGNAL_SILENT,SILENT
2026-05-27T20:04:12.843927,PULSE_2.0,SIGNAL_SILENT,SILENT
2026-05-27T20:04:13.845830,PULSE_2.0,SIGNAL_SILENT,SILENT
2026-05-27T20:04:14.847368,PULSE_2.0,SIGNAL_SILENT,SILENT
2026-05-27T20:04:15.850268,PULSE_2.0,SIGNAL_SILENT,SILENT
2026-05-27T20:04:16.854714,PULSE_2.0,SIGNAL_SILENT,SILENT
2026-05-27T20:04:17.857542,PULSE_2.0,SIGNAL_SILENT,SILENT
2026-05-27T20:04:18.859192,PULSE_2.0,SIGNAL_SILENT,SILENT
2026-05-27T20:04:19.861827,PULSE_2.0,SIGNAL_SILENT,SILENT
2026-05-27T20:04:20.863942,PULSE_2.0,SIGNAL_SILENT,SILENT
2026-05-27T20:04:21.866388,PULSE_2.0,SIGNAL_SILENT,SILENT
2026-05-27T20:04:22.868159,PULSE_2.0,SIGNAL_SILENT,SILENT
2026-05-27T20:04:23.870153,PULSE_2.0,SIGNAL_SILENT,SILENT
2026-05-27T20:04:24.872154,PULSE_2.0,SIGNAL_SILENT,SILENT
2026-05-27T20:04:25.874705,PULSE_2.0,SIGNAL_SILENT,SILENT
2026-05-27T20:04:26.877449,PULSE_2.0,SIGNAL_SILENT,SILENT
2026-05-27T20:04:27.879093,PULSE_2.0,SIGNAL_SILENT,SILENT
2026-05-27T20:04:28.881649,PULSE_2.0,SIGNAL_SILENT,SILENT
2026-05-27T20:04:29.883503,PULSE_2.0,SIGNAL_SILENT,SILENT
2026-05-27T20:04:30.886352,PULSE_2.0,SIGNAL_SILENT,SILENT
2026-05-27T20:04:31.890050,PULSE_2.0,SIGNAL_SILENT,SILENT
2026-05-27T20:04:32.892255,PULSE_2.0,SIGNAL_SILENT,SILENT
2026-05-27T20:04:33.894096,PULSE_2.0,SIGNAL_SILENT,SILENT
2026-05-27T20:04:34.895895,PULSE_2.0,SIGNAL_SILENT,SILENT
2026-05-27T20:04:35.899486,PULSE_2.0,SIGNAL_SILENT,SILENT
2026-05-27T20:04:36.901751,PULSE_2.0,SIGNAL_SILENT,SILENT
2026-05-27T20:04:37.903694,PULSE_2.0,SIGNAL_SILENT,SILENT
2026-05-27T20:04:38.906440,PULSE_2.0,SIGNAL_SILENT,SILENT
2026-05-27T20:04:39.909426,PULSE_2.0,SIGNAL_SILENT,SILENT
2026-05-27T20:04:40.912028,PULSE_2.0,SIGNAL_SILENT,SILENT
2026-05-27T20:04:41.914579,PULSE_2.0,SIGNAL_SILENT,SILENT
2026-05-27T20:04:42.917233,PULSE_2.0,SIGNAL_SILENT,SILENT
2026-05-27T20:04:43.919521,PULSE_2.0,SIGNAL_SILENT,SILENT
2026-05-27T20:04:44.922181,PULSE_2.0,SIGNAL_SILENT,SILENT
2026-05-27T20:04:45.924536,PULSE_2.0,SIGNAL_SILENT,SILENT
2026-05-27T20:04:46.927530,PULSE_2.0,SIGNAL_SILENT,SILENT
2026-05-27T20:04:47.930185,PULSE_2.0,SIGNAL_SILENT,SILENT
2026-05-27T20:04:48.931990,PULSE_2.0,SIGNAL_SILENT,SILENT
2026-05-27T20:04:49.933837,PULSE_2.0,SIGNAL_SILENT,SILENT
2026-05-27T20:04:50.936200,PULSE_2.0,SIGNAL_SILENT,SILENT
2026-05-27T20:04:51.938950,PULSE_2.0,SIGNAL_SILENT,SILENT
2026-05-27T20:04:52.941721,PULSE_2.0,SIGNAL_SILENT,SILENT
2026-05-27T20:04:53.943470,PULSE_2.0,SIGNAL_SILENT,SILENT
2026-05-27T20:04:54.945963,PULSE_2.0,SIGNAL_SILENT,SILENT
2026-05-27T20:04:55.948626,PULSE_2.0,SIGNAL_SILENT,SILENT
2026-05-27T20:04:56.951372,PULSE_2.0,SIGNAL_SILENT,SILENT
2026-05-27T20:04:57.954162,PULSE_2.0,SIGNAL_SILENT,SILENT
2026-05-27T20:04:58.955510,PULSE_2.0,SIGNAL_SILENT,SILENT
2026-05-27T20:04:59.958665,PULSE_2.0,SIGNAL_SILENT,SILENT
2026-05-27T20:05:00.959624,PULSE_2.0,SIGNAL_SILENT,SILENT
2026-05-27T20:05:01.963321,PULSE_2.0,SIGNAL_SILENT,SILENT
2026-05-27T20:05:02.964140,PULSE_2.0,SIGNAL_SILENT,SILENT
2026-05-27T20:05:03.966021,PULSE_2.0,SIGNAL_SILENT,SILENT
2026-05-27T20:05:04.968230,PULSE_2.0,SIGNAL_SILENT,SILENT
2026-05-27T20:05:05.970688,PULSE_2.0,SIGNAL_SILENT,SILENT
2026-05-27T20:05:06.972495,PULSE_2.0,SIGNAL_SILENT,SILENT
2026-05-27T20:05:07.981693,PULSE_2.0,SIGNAL_SILENT,SILENT
2026-05-27T20:05:08.982804,PULSE_2.0,SIGNAL_SILENT,SILENT
2026-05-27T20:05:09.984380,PULSE_2.0,SIGNAL_SILENT,SILENT
2026-05-27T20:05:10.989725,PULSE_2.0,SIGNAL_SILENT,SILENT
2026-05-27T20:05:11.991326,PULSE_2.0,SIGNAL_SILENT,SILENT
2026-05-27T20:05:12.995473,PULSE_2.0,SIGNAL_SILENT,SILENT
2026-05-27T20:05:13.997688,PULSE_2.0,SIGNAL_SILENT,SILENT
2026-05-27T20:05:14.999140,PULSE_2.0,SIGNAL_SILENT,SILENT
2026-05-27T20:05:16.000404,PULSE_2.0,SIGNAL_SILENT,SILENT
2026-05-27T20:05:17.003248,PULSE_2.0,SIGNAL_SILENT,SILENT
2026-05-27T20:05:18.007416,PULSE_2.0,SIGNAL_SILENT,SILENT
2026-05-27T20:05:19.010821,PULSE_2.0,SIGNAL_SILENT,SILENT
2026-05-27T20:05:20.013965,PULSE_2.0,SIGNAL_SILENT,SILENT
2026-05-27T20:05:21.016277,PULSE_2.0,SIGNAL_SILENT,SILENT
2026-05-27T20:05:22.018950,PULSE_2.0,SIGNAL_SILENT,SILENT
2026-05-27T20:05:23.022124,PULSE_2.0,SIGNAL_SILENT,SILENT
2026-05-27T20:05:24.023371,PULSE_2.0,SIGNAL_SILENT,SILENT
2026-05-27T20:05:25.024388,PULSE_2.0,SIGNAL_SILENT,SILENT
2026-05-27T20:05:26.026415,PULSE_2.0,SIGNAL_SILENT,SILENT
2026-05-27T20:05:27.028473,PULSE_2.0,SIGNAL_SILENT,SILENT
2026-05-27T20:05:28.031330,PULSE_2.0,SIGNAL_SILENT,SILENT
2026-05-27T20:05:29.033419,PULSE_2.0,SIGNAL_SILENT,SILENT
2026-05-27T20:05:30.035273,PULSE_2.0,SIGNAL_SILENT,SILENT
2026-05-27T20:05:31.038124,PULSE_2.0,SIGNAL_SILENT,SILENT
2026-05-27T20:05:32.040269,PULSE_2.0,SIGNAL_SILENT,SILENT
2026-05-27T20:05:33.047313,PULSE_2.0,SIGNAL_SILENT,SILENT
2026-05-27T20:05:34.049999,PULSE_2.0,SIGNAL_SILENT,SILENT
2026-05-27T20:05:35.051913,PULSE_2.0,SIGNAL_SILENT,SILENT
2026-05-27T20:05:36.054108,PULSE_2.0,SIGNAL_SILENT,SILENT
2026-05-27T20:05:37.056490,PULSE_2.0,SIGNAL_SILENT,SILENT
2026-05-27T20:05:38.059743,PULSE_2.0,SIGNAL_SILENT,SILENT
2026-05-27T20:05:39.062201,PULSE_2.0,SIGNAL_SILENT,SILENT
2026-05-27T20:05:40.063954,PULSE_2.0,SIGNAL_SILENT,SILENT
2026-05-27T20:05:41.065663,PULSE_2.0,SIGNAL_SILENT,SILENT
2026-05-27T20:05:42.067654,PULSE_2.0,SIGNAL_SILENT,SILENT
2026-05-27T20:05:43.069999,PULSE_2.0,SIGNAL_SILENT,SILENT
2026-05-27T20:05:44.072533,PULSE_2.0,SIGNAL_SILENT,SILENT
2026-05-27T20:05:45.075311,PULSE_2.0,SIGNAL_SILENT,SILENT
2026-05-27T20:05:46.078383,PULSE_2.0,SIGNAL_SILENT,SILENT
2026-05-27T20:05:47.081445,PULSE_2.0,SIGNAL_SILENT,SILENT
2026-05-27T20:05:48.084218,PULSE_2.0,SIGNAL_SILENT,SILENT
2026-05-27T20:05:49.086621,PULSE_2.0,SIGNAL_SILENT,SILENT
2026-05-27T20:05:50.089673,PULSE_2.0,SIGNAL_SILENT,SILENT
2026-05-27T20:05:51.091847,PULSE_2.0,SIGNAL_SILENT,SILENT
2026-05-27T20:05:52.094831,PULSE_2.0,SIGNAL_SILENT,SILENT
2026-05-27T20:05:53.097672,PULSE_2.0,SIGNAL_SILENT,SILENT
2026-05-27T20:05:54.099193,PULSE_2.0,SIGNAL_SILENT,SILENT
2026-05-27T20:05:55.102366,PULSE_2.0,SIGNAL_SILENT,SILENT
2026-05-27T20:05:56.105135,PULSE_2.0,SIGNAL_SILENT,SILENT
2026-05-27T20:05:57.106654,PULSE_2.0,SIGNAL_SILENT,SILENT
2026-05-27T20:05:58.108517,PULSE_2.0,SIGNAL_SILENT,SILENT
2026-05-27T20:05:59.111154,PULSE_2.0,SIGNAL_SILENT,SILENT
2026-05-27T20:06:00.113913,PULSE_2.0,SIGNAL_SILENT,SILENT
2026-05-27T20:06:01.116185,PULSE_2.0,SIGNAL_SILENT,SILENT
2026-05-27T20:06:02.120185,PULSE_2.0,SIGNAL_SILENT,SILENT
2026-05-27T20:06:03.122786,PULSE_2.0,SIGNAL_SILENT,SILENT
2026-05-27T20:06:04.124477,PULSE_2.0,SIGNAL_SILENT,SILENT
2026-05-27T20:06:05.127165,PULSE_2.0,SIGNAL_SILENT,SILENT
2026-05-27T20:06:06.129578,PULSE_2.0,SIGNAL_SILENT,SILENT
2026-05-27T20:06:07.131319,PULSE_2.0,SIGNAL_SILENT,SILENT
2026-05-27T20:06:08.133986,PULSE_2.0,SIGNAL_SILENT,SILENT
2026-05-27T20:06:09.135386,PULSE_2.0,SIGNAL_SILENT,SILENT
2026-05-27T20:06:10.138795,PULSE_2.0,SIGNAL_SILENT,SILENT
2026-05-27T20:06:11.141965,PULSE_2.0,SIGNAL_SILENT,SILENT
2026-05-27T20:06:12.144545,PULSE_2.0,SIGNAL_SILENT,SILENT
2026-05-27T20:06:13.148341,PULSE_2.0,SIGNAL_SILENT,SILENT
2026-05-27T20:06:14.151661,PULSE_2.0,SIGNAL_SILENT,SILENT
2026-05-27T20:06:15.153934,PULSE_2.0,SIGNAL_SILENT,SILENT
2026-05-27T20:06:16.156361,PULSE_2.0,SIGNAL_SILENT,SILENT
2026-05-27T20:06:17.158943,PULSE_2.0,SIGNAL_SILENT,SILENT
2026-05-27T20:06:18.161946,PULSE_2.0,SIGNAL_SILENT,SILENT
2026-05-27T20:06:19.164126,PULSE_2.0,SIGNAL_SILENT,SILENT
2026-05-27T20:06:20.168032,PULSE_2.0,SIGNAL_SILENT,SILENT
2026-05-27T20:06:21.170742,PULSE_2.0,SIGNAL_SILENT,SILENT
2026-05-27T20:06:22.173831,PULSE_2.0,SIGNAL_SILENT,SILENT
2026-05-27T20:06:23.177106,PULSE_2.0,SIGNAL_SILENT,SILENT
2026-05-27T20:06:24.180186,PULSE_2.0,SIGNAL_SILENT,SILENT
2026-05-27T20:06:25.182952,PULSE_2.0,SIGNAL_SILENT,SILENT
2026-05-27T20:06:26.186294,PULSE_2.0,SIGNAL_SILENT,SILENT
2026-05-27T20:06:27.189896,PULSE_2.0,SIGNAL_SILENT,SILENT
2026-05-27T20:06:28.192393,PULSE_2.0,SIGNAL_SILENT,SILENT
2026-05-27T20:06:29.194814,PULSE_2.0,SIGNAL_SILENT,SILENT
2026-05-27T20:06:30.197758,PULSE_2.0,SIGNAL_SILENT,SILENT
2026-05-27T20:06:31.201094,PULSE_2.0,SIGNAL_SILENT,SILENT
2026-05-27T20:06:32.204038,PULSE_2.0,SIGNAL_SILENT,SILENT
2026-05-27T20:06:33.205705,PULSE_2.0,SIGNAL_SILENT,SILENT
2026-05-27T20:06:34.207573,PULSE_2.0,SIGNAL_SILENT,SILENT
2026-05-27T20:06:35.210204,PULSE_2.0,SIGNAL_SILENT,SILENT
2026-05-27T20:06:36.211877,PULSE_2.0,SIGNAL_SILENT,SILENT
2026-05-27T20:06:37.215370,PULSE_2.0,SIGNAL_SILENT,SILENT
2026-05-27T20:06:38.218008,PULSE_2.0,SIGNAL_SILENT,SILENT
2026-05-27T20:06:39.221272,PULSE_2.0,SIGNAL_SILENT,SILENT
2026-05-27T20:06:40.226569,PULSE_2.0,SIGNAL_SILENT,SILENT
2026-05-27T20:06:41.229827,PULSE_2.0,SIGNAL_SILENT,SILENT
2026-05-27T20:06:42.232388,PULSE_2.0,SIGNAL_SILENT,SILENT
2026-05-27T20:06:43.234386,PULSE_2.0,SIGNAL_SILENT,SILENT
2026-05-27T20:06:44.236116,PULSE_2.0,SIGNAL_SILENT,SILENT
2026-05-27T20:06:45.238157,PULSE_2.0,SIGNAL_SILENT,SILENT
2026-05-27T20:06:46.241615,PULSE_2.0,SIGNAL_SILENT,SILENT
2026-05-27T20:06:47.244460,PULSE_2.0,SIGNAL_SILENT,SILENT
2026-05-27T20:06:48.247653,PULSE_2.0,SIGNAL_SILENT,SILENT
2026-05-27T20:06:49.250315,PULSE_2.0,SIGNAL_SILENT,SILENT
2026-05-27T20:06:50.252647,PULSE_2.0,SIGNAL_SILENT,SILENT
2026-05-27T20:06:51.256004,PULSE_2.0,SIGNAL_SILENT,SILENT
2026-05-27T20:06:52.257786,PULSE_2.0,SIGNAL_SILENT,SILENT
2026-05-27T20:06:53.261391,PULSE_2.0,SIGNAL_SILENT,SILENT
2026-05-27T20:06:54.264431,PULSE_2.0,SIGNAL_SILENT,SILENT
2026-05-27T20:06:55.266186,PULSE_2.0,SIGNAL_SILENT,SILENT
2026-05-27T20:06:56.268263,PULSE_2.0,SIGNAL_SILENT,SILENT
2026-05-27T20:06:57.270864,PULSE_2.0,SIGNAL_SILENT,SILENT
2026-05-27T20:06:58.274062,PULSE_2.0,SIGNAL_SILENT,SILENT
2026-05-27T20:06:59.276180,PULSE_2.0,SIGNAL_SILENT,SILENT
2026-05-27T20:07:00.278370,PULSE_2.0,SIGNAL_SILENT,SILENT
2026-05-27T20:07:01.281743,PULSE_2.0,SIGNAL_SILENT,SILENT
2026-05-27T20:07:02.285146,PULSE_2.0,SIGNAL_SILENT,SILENT
2026-05-27T20:07:03.287909,PULSE_2.0,SIGNAL_SILENT,SILENT
2026-05-27T20:07:04.289584,PULSE_2.0,SIGNAL_SILENT,SILENT
2026-05-27T20:07:05.292235,PULSE_2.0,SIGNAL_SILENT,SILENT
2026-05-27T20:07:06.295300,PULSE_2.0,SIGNAL_SILENT,SILENT
2026-05-27T20:07:07.298237,PULSE_2.0,SIGNAL_SILENT,SILENT
2026-05-27T20:07:08.300413,PULSE_2.0,SIGNAL_SILENT,SILENT
2026-05-27T20:07:09.302667,PULSE_2.0,SIGNAL_SILENT,SILENT
2026-05-27T20:07:10.304294,PULSE_2.0,SIGNAL_SILENT,SILENT
2026-05-27T20:07:11.306568,PULSE_2.0,SIGNAL_SILENT,SILENT
2026-05-27T20:07:12.314878,PULSE_2.0,SIGNAL_SILENT,SILENT
2026-05-27T20:07:13.317747,PULSE_2.0,SIGNAL_SILENT,SILENT
2026-05-27T20:07:14.319874,PULSE_2.0,SIGNAL_SILENT,SILENT
2026-05-27T20:07:15.323540,PULSE_2.0,SIGNAL_SILENT,SILENT
2026-05-27T20:07:16.325485,PULSE_2.0,SIGNAL_SILENT,SILENT
2026-05-27T20:07:17.327149,PULSE_2.0,SIGNAL_SILENT,SILENT
2026-05-27T20:07:18.329199,PULSE_2.0,SIGNAL_SILENT,SILENT
2026-05-27T20:07:19.331156,PULSE_2.0,SIGNAL_SILENT,SILENT
2026-05-27T20:07:20.334946,PULSE_2.0,SIGNAL_SILENT,SILENT
2026-05-27T20:07:21.337481,PULSE_2.0,SIGNAL_SILENT,SILENT
2026-05-27T20:07:22.339468,PULSE_2.0,SIGNAL_SILENT,SILENT
2026-05-27T20:07:23.341521,PULSE_2.0,SIGNAL_SILENT,SILENT
2026-05-27T20:07:24.343266,PULSE_2.0,SIGNAL_SILENT,SILENT
2026-05-27T20:07:25.346009,PULSE_2.0,SIGNAL_SILENT,SILENT
2026-05-27T20:07:26.348263,PULSE_2.0,SIGNAL_SILENT,SILENT
2026-05-27T20:07:27.351149,PULSE_2.0,SIGNAL_SILENT,SILENT
2026-05-27T20:07:28.353926,PULSE_2.0,SIGNAL_SILENT,SILENT
2026-05-27T20:07:29.356060,PULSE_2.0,SIGNAL_SILENT,SILENT
2026-05-27T20:07:30.357587,PULSE_2.0,SIGNAL_SILENT,SILENT
2026-05-27T20:07:31.359626,PULSE_2.0,SIGNAL_SILENT,SILENT
2026-05-27T20:07:32.363954,PULSE_2.0,SIGNAL_SILENT,SILENT
2026-05-27T20:07:33.367396,PULSE_2.0,SIGNAL_SILENT,SILENT
2026-05-27T20:07:34.370072,PULSE_2.0,SIGNAL_SILENT,SILENT
2026-05-27T20:07:35.372188,PULSE_2.0,SIGNAL_SILENT,SILENT
2026-05-27T20:07:36.374958,PULSE_2.0,SIGNAL_SILENT,SILENT
2026-05-27T20:07:37.377345,PULSE_2.0,SIGNAL_SILENT,SILENT
2026-05-27T20:07:38.379507,PULSE_2.0,SIGNAL_SILENT,SILENT
2026-05-27T20:07:39.382546,PULSE_2.0,SIGNAL_SILENT,SILENT
2026-05-27T20:07:40.385119,PULSE_2.0,SIGNAL_SILENT,SILENT
2026-05-27T20:07:41.387490,PULSE_2.0,SIGNAL_SILENT,SILENT
2026-05-27T20:07:42.390202,PULSE_2.0,SIGNAL_SILENT,SILENT
2026-05-27T20:07:43.391576,PULSE_2.0,SIGNAL_SILENT,SILENT
2026-05-27T20:07:44.393622,PULSE_2.0,SIGNAL_SILENT,SILENT
2026-05-27T20:07:45.395873,PULSE_2.0,SIGNAL_SILENT,SILENT
2026-05-27T20:07:46.398558,PULSE_2.0,SIGNAL_SILENT,SILENT
2026-05-27T20:07:47.401429,PULSE_2.0,SIGNAL_SILENT,SILENT
2026-05-27T20:07:48.405146,PULSE_2.0,SIGNAL_SILENT,SILENT
2026-05-27T20:07:49.406936,PULSE_2.0,SIGNAL_SILENT,SILENT
2026-05-27T20:07:50.409156,PULSE_2.0,SIGNAL_SILENT,SILENT
2026-05-27T20:07:51.411300,PULSE_2.0,SIGNAL_SILENT,SILENT
2026-05-27T20:07:52.414909,PULSE_2.0,SIGNAL_SILENT,SILENT
2026-05-27T20:07:53.418390,PULSE_2.0,SIGNAL_SILENT,SILENT
2026-05-27T20:07:54.421841,PULSE_2.0,SIGNAL_SILENT,SILENT
2026-05-27T20:07:55.423860,PULSE_2.0,SIGNAL_SILENT,SILENT
2026-05-27T20:07:56.426326,PULSE_2.0,SIGNAL_SILENT,SILENT
2026-05-27T20:07:57.428614,PULSE_2.0,SIGNAL_SILENT,SILENT
2026-05-27T20:07:58.430884,PULSE_2.0,SIGNAL_SILENT,SILENT
2026-05-27T20:07:59.432447,PULSE_2.0,SIGNAL_SILENT,SILENT
2026-05-27T20:08:00.433959,PULSE_2.0,SIGNAL_SILENT,SILENT
2026-05-27T20:08:01.437508,PULSE_2.0,SIGNAL_SILENT,SILENT
2026-05-27T20:08:02.439321,PULSE_2.0,SIGNAL_SILENT,SILENT
2026-05-27T20:08:03.441024,PULSE_2.0,SIGNAL_SILENT,SILENT
2026-05-27T20:08:04.443703,PULSE_2.0,SIGNAL_SILENT,SILENT
2026-05-27T20:08:05.446275,PULSE_2.0,SIGNAL_SILENT,SILENT
2026-05-27T20:08:06.447838,PULSE_2.0,SIGNAL_SILENT,SILENT
2026-05-27T20:08:07.449655,PULSE_2.0,SIGNAL_SILENT,SILENT
2026-05-27T20:08:08.452328,PULSE_2.0,SIGNAL_SILENT,SILENT
2026-05-27T20:08:09.454630,PULSE_2.0,SIGNAL_SILENT,SILENT
2026-05-27T20:08:10.456484,PULSE_2.0,SIGNAL_SILENT,SILENT
2026-05-27T20:08:11.459291,PULSE_2.0,SIGNAL_SILENT,SILENT
2026-05-27T20:08:12.461439,PULSE_2.0,SIGNAL_SILENT,SILENT
2026-05-27T20:08:13.463524,PULSE_2.0,SIGNAL_SILENT,SILENT
2026-05-27T20:08:14.465139,PULSE_2.0,SIGNAL_SILENT,SILENT
2026-05-27T20:08:15.467226,PULSE_2.0,SIGNAL_SILENT,SILENT
2026-05-27T20:08:16.469706,PULSE_2.0,SIGNAL_SILENT,SILENT
2026-05-27T20:08:17.471339,PULSE_2.0,SIGNAL_SILENT,SILENT
2026-05-27T20:08:18.474256,PULSE_2.0,SIGNAL_SILENT,SILENT
2026-05-27T20:08:19.475697,PULSE_2.0,SIGNAL_SILENT,SILENT
2026-05-27T20:08:20.478298,PULSE_2.0,SIGNAL_SILENT,SILENT
2026-05-27T20:08:21.480049,PULSE_2.0,SIGNAL_SILENT,SILENT
2026-05-27T20:08:22.486552,PULSE_2.0,SIGNAL_SILENT,SILENT
2026-05-27T20:08:23.488578,PULSE_2.0,SIGNAL_SILENT,SILENT
2026-05-27T20:08:24.491185,PULSE_2.0,SIGNAL_SILENT,SILENT
2026-05-27T20:08:25.494766,PULSE_2.0,SIGNAL_SILENT,SILENT
2026-05-27T20:08:26.497586,PULSE_2.0,SIGNAL_SILENT,SILENT
2026-05-27T20:08:27.499635,PULSE_2.0,SIGNAL_SILENT,SILENT
2026-05-27T20:08:28.502162,PULSE_2.0,SIGNAL_SILENT,SILENT
2026-05-27T20:08:29.503877,PULSE_2.0,SIGNAL_SILENT,SILENT
2026-05-27T20:08:30.506203,PULSE_2.0,SIGNAL_SILENT,SILENT
2026-05-27T20:08:31.508315,PULSE_2.0,SIGNAL_SILENT,SILENT
2026-05-27T20:08:32.512238,PULSE_2.0,SIGNAL_SILENT,SILENT
2026-05-27T20:08:33.514784,PULSE_2.0,SIGNAL_SILENT,SILENT
2026-05-27T20:08:34.516390,PULSE_2.0,SIGNAL_SILENT,SILENT
2026-05-27T20:08:35.519886,PULSE_2.0,SIGNAL_SILENT,SILENT
2026-05-27T20:08:36.521595,PULSE_2.0,SIGNAL_SILENT,SILENT
2026-05-27T20:08:37.523627,PULSE_2.0,SIGNAL_SILENT,SILENT
2026-05-27T20:08:38.526747,PULSE_2.0,SIGNAL_SILENT,SILENT
2026-05-27T20:08:39.529144,PULSE_2.0,SIGNAL_SILENT,SILENT
2026-05-27T20:08:40.531991,PULSE_2.0,SIGNAL_SILENT,SILENT
2026-05-27T20:08:41.533512,PULSE_2.0,SIGNAL_SILENT,SILENT
2026-05-27T20:08:42.535795,PULSE_2.0,SIGNAL_SILENT,SILENT
2026-05-27T20:08:43.537878,PULSE_2.0,SIGNAL_SILENT,SILENT
2026-05-27T20:08:44.540386,PULSE_2.0,SIGNAL_SILENT,SILENT
2026-05-27T20:08:45.543180,PULSE_2.0,SIGNAL_SILENT,SILENT
2026-05-27T20:08:46.545529,PULSE_2.0,SIGNAL_SILENT,SILENT
2026-05-27T20:08:47.547792,PULSE_2.0,SIGNAL_SILENT,SILENT
2026-05-27T20:08:48.551336,PULSE_2.0,SIGNAL_SILENT,SILENT
2026-05-27T20:08:49.553383,PULSE_2.0,SIGNAL_SILENT,SILENT
2026-05-27T20:08:50.556332,PULSE_2.0,SIGNAL_SILENT,SILENT
2026-05-27T20:08:51.559396,PULSE_2.0,SIGNAL_SILENT,SILENT
2026-05-27T20:08:52.561142,PULSE_2.0,SIGNAL_SILENT,SILENT
2026-05-27T20:08:53.563103,PULSE_2.0,SIGNAL_SILENT,SILENT
2026-05-27T20:08:54.565305,PULSE_2.0,SIGNAL_SILENT,SILENT
2026-05-27T20:08:55.567467,PULSE_2.0,SIGNAL_SILENT,SILENT
2026-05-27T20:08:56.569088,PULSE_2.0,SIGNAL_SILENT,SILENT
2026-05-27T20:08:57.570815,PULSE_2.0,SIGNAL_SILENT,SILENT
2026-05-27T20:08:58.573599,PULSE_2.0,SIGNAL_SILENT,SILENT
2026-05-27T20:08:59.575210,PULSE_2.0,SIGNAL_SILENT,SILENT
2026-05-27T20:09:00.577804,PULSE_2.0,SIGNAL_SILENT,SILENT
2026-05-27T20:09:01.579907,PULSE_2.0,SIGNAL_SILENT,SILENT
2026-05-27T20:09:02.581774,PULSE_2.0,SIGNAL_SILENT,SILENT
2026-05-27T20:09:03.584236,PULSE_2.0,SIGNAL_SILENT,SILENT
2026-05-27T20:09:04.591755,PULSE_2.0,SIGNAL_SILENT,SILENT
2026-05-27T20:09:05.593445,PULSE_2.0,SIGNAL_SILENT,SILENT
2026-05-27T20:09:06.595440,PULSE_2.0,SIGNAL_SILENT,SILENT
2026-05-27T20:09:07.597778,PULSE_2.0,SIGNAL_SILENT,SILENT
2026-05-27T20:09:08.599873,PULSE_2.0,SIGNAL_SILENT,SILENT
2026-05-27T20:09:09.603166,PULSE_2.0,SIGNAL_SILENT,SILENT
2026-05-27T20:09:10.605835,PULSE_2.0,SIGNAL_SILENT,SILENT
2026-05-27T20:09:11.609496,PULSE_2.0,SIGNAL_SILENT,SILENT
2026-05-27T20:09:12.612438,PULSE_2.0,SIGNAL_SILENT,SILENT
2026-05-27T20:09:13.616306,PULSE_2.0,SIGNAL_SILENT,SILENT
2026-05-27T20:09:14.618402,PULSE_2.0,SIGNAL_SILENT,SILENT
2026-05-27T20:09:15.620315,PULSE_2.0,SIGNAL_SILENT,SILENT
2026-05-27T20:09:16.622875,PULSE_2.0,SIGNAL_SILENT,SILENT
2026-05-27T20:09:17.624586,PULSE_2.0,SIGNAL_SILENT,SILENT
2026-05-27T20:09:18.627137,PULSE_2.0,SIGNAL_SILENT,SILENT
2026-05-27T20:09:19.629646,PULSE_2.0,SIGNAL_SILENT,SILENT
2026-05-27T20:09:20.633243,PULSE_2.0,SIGNAL_SILENT,SILENT
2026-05-27T20:09:21.635739,PULSE_2.0,SIGNAL_SILENT,SILENT
2026-05-27T20:09:22.638935,PULSE_2.0,SIGNAL_SILENT,SILENT
2026-05-27T20:09:23.641942,PULSE_2.0,SIGNAL_SILENT,SILENT
2026-05-27T20:09:24.643654,PULSE_2.0,SIGNAL_SILENT,SILENT
2026-05-27T20:09:25.645960,PULSE_2.0,SIGNAL_SILENT,SILENT
2026-05-27T20:09:26.648490,PULSE_2.0,SIGNAL_SILENT,SILENT
2026-05-27T20:09:27.651059,PULSE_2.0,SIGNAL_SILENT,SILENT
2026-05-27T20:09:28.653230,PULSE_2.0,SIGNAL_SILENT,SILENT
2026-05-27T20:09:29.654822,PULSE_2.0,SIGNAL_SILENT,SILENT
2026-05-27T20:09:30.656652,PULSE_2.0,SIGNAL_SILENT,SILENT
2026-05-27T20:09:31.659780,PULSE_2.0,SIGNAL_SILENT,SILENT
2026-05-27T20:09:32.661466,PULSE_2.0,SIGNAL_SILENT,SILENT
2026-05-27T20:09:33.663041,PULSE_2.0,SIGNAL_SILENT,SILENT
2026-05-27T20:09:34.665866,PULSE_2.0,SIGNAL_SILENT,SILENT
2026-05-27T20:09:35.668367,PULSE_2.0,SIGNAL_SILENT,SILENT
2026-05-27T20:09:36.671036,PULSE_2.0,SIGNAL_SILENT,SILENT
2026-05-27T20:09:37.673474,PULSE_2.0,SIGNAL_SILENT,SILENT
2026-05-27T20:09:38.675758,PULSE_2.0,SIGNAL_SILENT,SILENT
2026-05-27T20:09:39.677596,PULSE_2.0,SIGNAL_SILENT,SILENT
2026-05-27T20:09:40.679779,PULSE_2.0,SIGNAL_SILENT,SILENT
2026-05-27T20:09:41.682567,PULSE_2.0,SIGNAL_SILENT,SILENT
2026-05-27T20:09:42.685780,PULSE_2.0,SIGNAL_SILENT,SILENT
2026-05-27T20:09:43.688281,PULSE_2.0,SIGNAL_SILENT,SILENT
2026-05-27T20:09:44.690177,PULSE_2.0,SIGNAL_SILENT,SILENT
2026-05-27T20:09:45.691649,PULSE_2.0,SIGNAL_SILENT,SILENT
2026-05-27T20:09:46.693964,PULSE_2.0,SIGNAL_SILENT,SILENT
2026-05-27T20:09:47.695419,PULSE_2.0,SIGNAL_SILENT,SILENT
2026-05-27T20:09:48.698595,PULSE_2.0,SIGNAL_SILENT,SILENT
2026-05-27T20:09:49.700308,PULSE_2.0,SIGNAL_SILENT,SILENT
2026-05-27T20:09:50.703356,PULSE_2.0,SIGNAL_SILENT,SILENT
2026-05-27T20:09:51.705353,PULSE_2.0,SIGNAL_SILENT,SILENT
2026-05-27T20:09:52.707002,PULSE_2.0,SIGNAL_SILENT,SILENT
2026-05-27T20:09:53.709251,PULSE_2.0,SIGNAL_SILENT,SILENT
2026-05-27T20:09:54.712518,PULSE_2.0,SIGNAL_SILENT,SILENT
2026-05-27T20:09:55.715795,PULSE_2.0,SIGNAL_SILENT,SILENT
2026-05-27T20:09:56.717965,PULSE_2.0,SIGNAL_SILENT,SILENT
2026-05-27T20:09:57.719711,PULSE_2.0,SIGNAL_SILENT,SILENT
2026-05-27T20:09:58.722661,PULSE_2.0,SIGNAL_SILENT,SILENT
2026-05-27T20:09:59.723828,PULSE_2.0,SIGNAL_SILENT,SILENT
2026-05-27T20:10:00.724600,PULSE_2.0,SIGNAL_SILENT,SILENT
2026-05-27T20:10:01.725603,PULSE_2.0,SIGNAL_SILENT,SILENT
2026-05-27T20:10:02.727853,PULSE_2.0,SIGNAL_SILENT,SILENT
2026-05-27T20:10:03.730099,PULSE_2.0,SIGNAL_SILENT,SILENT
2026-05-27T20:10:04.732175,PULSE_2.0,SIGNAL_SILENT,SILENT
2026-05-27T20:10:05.734582,PULSE_2.0,SIGNAL_SILENT,SILENT
2026-05-27T20:10:06.737585,PULSE_2.0,SIGNAL_SILENT,SILENT
2026-05-27T20:10:07.739644,PULSE_2.0,SIGNAL_SILENT,SILENT
2026-05-27T20:10:08.741689,PULSE_2.0,SIGNAL_SILENT,SILENT
2026-05-27T20:10:09.745613,PULSE_2.0,SIGNAL_SILENT,SILENT
2026-05-27T20:10:10.748046,PULSE_2.0,SIGNAL_SILENT,SILENT
2026-05-27T20:10:11.750362,PULSE_2.0,SIGNAL_SILENT,SILENT
2026-05-27T20:10:12.754032,PULSE_2.0,SIGNAL_SILENT,SILENT
2026-05-27T20:10:13.759004,PULSE_2.0,SIGNAL_SILENT,SILENT
2026-05-27T20:10:14.762324,PULSE_2.0,SIGNAL_SILENT,SILENT
2026-05-27T20:10:15.765429,PULSE_2.0,SIGNAL_SILENT,SILENT
2026-05-27T20:10:16.771360,PULSE_2.0,SIGNAL_SILENT,SILENT
2026-05-27T20:10:17.774053,PULSE_2.0,SIGNAL_SILENT,SILENT
2026-05-27T20:10:18.775542,PULSE_2.0,SIGNAL_SILENT,SILENT
2026-05-27T20:10:19.777212,PULSE_2.0,SIGNAL_SILENT,SILENT
2026-05-27T20:10:20.779968,PULSE_2.0,SIGNAL_SILENT,SILENT
2026-05-27T20:10:21.781356,PULSE_2.0,SIGNAL_SILENT,SILENT
2026-05-27T20:10:22.782251,PULSE_2.0,SIGNAL_SILENT,SILENT
2026-05-27T20:10:23.783669,PULSE_2.0,SIGNAL_SILENT,SILENT
2026-05-27T20:10:24.784580,PULSE_2.0,SIGNAL_SILENT,SILENT
2026-05-27T20:10:25.785785,PULSE_2.0,SIGNAL_SILENT,SILENT
2026-05-27T20:10:26.789928,PULSE_2.0,SIGNAL_SILENT,SILENT
2026-05-27T20:10:27.791367,PULSE_2.0,SIGNAL_SILENT,SILENT
2026-05-27T20:10:28.793591,PULSE_2.0,SIGNAL_SILENT,SILENT
2026-05-27T20:10:29.796664,PULSE_2.0,SIGNAL_SILENT,SILENT
2026-05-27T20:10:30.799332,PULSE_2.0,SIGNAL_SILENT,SILENT
2026-05-27T20:10:31.801917,PULSE_2.0,SIGNAL_SILENT,SILENT
2026-05-27T20:10:32.803553,PULSE_2.0,SIGNAL_SILENT,SILENT
2026-05-27T20:10:33.807635,PULSE_2.0,SIGNAL_SILENT,SILENT
2026-05-27T20:10:34.809598,PULSE_2.0,SIGNAL_SILENT,SILENT
2026-05-27T20:10:35.811312,PULSE_2.0,SIGNAL_SILENT,SILENT
2026-05-27T20:10:36.813376,PULSE_2.0,SIGNAL_SILENT,SILENT
2026-05-27T20:10:37.815199,PULSE_2.0,SIGNAL_SILENT,SILENT
2026-05-27T20:10:38.817739,PULSE_2.0,SIGNAL_SILENT,SILENT
2026-05-27T20:10:39.819061,PULSE_2.0,SIGNAL_SILENT,SILENT
2026-05-27T20:10:40.821196,PULSE_2.0,SIGNAL_SILENT,SILENT
2026-05-27T20:10:41.823020,PULSE_2.0,SIGNAL_SILENT,SILENT
2026-05-27T20:10:42.825047,PULSE_2.0,SIGNAL_SILENT,SILENT
2026-05-27T20:10:43.826461,PULSE_2.0,SIGNAL_SILENT,SILENT
2026-05-27T20:10:44.828198,PULSE_2.0,SIGNAL_SILENT,SILENT
2026-05-27T20:10:45.832069,PULSE_2.0,SIGNAL_SILENT,SILENT
2026-05-27T20:10:46.835205,PULSE_2.0,SIGNAL_SILENT,SILENT
2026-05-27T20:10:47.837947,PULSE_2.0,SIGNAL_SILENT,SILENT
2026-05-27T20:10:48.840332,PULSE_2.0,SIGNAL_SILENT,SILENT
2026-05-27T20:10:49.842457,PULSE_2.0,SIGNAL_SILENT,SILENT
2026-05-27T20:10:50.844532,PULSE_2.0,SIGNAL_SILENT,SILENT
2026-05-27T20:10:51.846112,PULSE_2.0,SIGNAL_SILENT,SILENT
2026-05-27T20:10:52.848468,PULSE_2.0,SIGNAL_SILENT,SILENT
2026-05-27T20:10:53.853928,PULSE_2.0,SIGNAL_SILENT,SILENT
2026-05-27T20:10:54.862394,PULSE_2.0,SIGNAL_SILENT,SILENT
2026-05-27T20:10:55.865571,PULSE_2.0,SIGNAL_SILENT,SILENT
2026-05-27T20:10:56.867746,PULSE_2.0,SIGNAL_SILENT,SILENT
2026-05-27T20:10:57.870689,PULSE_2.0,SIGNAL_SILENT,SILENT
2026-05-27T20:10:58.875530,PULSE_2.0,SIGNAL_SILENT,SILENT
2026-05-27T20:10:59.877784,PULSE_2.0,SIGNAL_SILENT,SILENT
2026-05-27T20:11:00.881778,PULSE_2.0,SIGNAL_SILENT,SILENT
2026-05-27T20:11:01.884434,PULSE_2.0,SIGNAL_SILENT,SILENT
2026-05-27T20:11:02.887305,PULSE_2.0,SIGNAL_SILENT,SILENT
2026-05-27T20:11:03.890608,PULSE_2.0,SIGNAL_SILENT,SILENT
2026-05-27T20:11:04.892588,PULSE_2.0,SIGNAL_SILENT,SILENT
2026-05-27T20:11:05.897456,PULSE_2.0,SIGNAL_SILENT,SILENT
2026-05-27T20:11:06.899139,PULSE_2.0,SIGNAL_SILENT,SILENT
2026-05-27T20:11:07.901475,PULSE_2.0,SIGNAL_SILENT,SILENT
2026-05-27T20:11:08.905871,PULSE_2.0,SIGNAL_SILENT,SILENT
2026-05-27T20:11:09.907264,PULSE_2.0,SIGNAL_SILENT,SILENT
2026-05-27T20:11:10.909361,PULSE_2.0,SIGNAL_SILENT,SILENT
2026-05-27T20:11:11.910546,PULSE_2.0,SIGNAL_SILENT,SILENT
2026-05-27T20:11:12.913705,PULSE_2.0,SIGNAL_SILENT,SILENT
2026-05-27T20:11:13.916097,PULSE_2.0,SIGNAL_SILENT,SILENT
2026-05-27T20:11:14.920104,PULSE_2.0,SIGNAL_SILENT,SILENT
2026-05-27T20:11:15.922700,PULSE_2.0,SIGNAL_SILENT,SILENT
2026-05-27T20:11:16.926720,PULSE_2.0,SIGNAL_SILENT,SILENT
2026-05-27T20:11:17.928344,PULSE_2.0,SIGNAL_SILENT,SILENT
2026-05-27T20:11:18.930310,PULSE_2.0,SIGNAL_SILENT,SILENT
2026-05-27T20:11:19.932336,PULSE_2.0,SIGNAL_SILENT,SILENT
2026-05-27T20:11:20.934596,PULSE_2.0,SIGNAL_SILENT,SILENT
2026-05-27T20:11:21.936497,PULSE_2.0,SIGNAL_SILENT,SILENT
2026-05-27T20:11:22.939249,PULSE_2.0,SIGNAL_SILENT,SILENT
2026-05-27T20:11:23.941744,PULSE_2.0,SIGNAL_SILENT,SILENT
2026-05-27T20:11:24.945505,PULSE_2.0,SIGNAL_SILENT,SILENT
2026-05-27T20:11:25.946886,PULSE_2.0,SIGNAL_SILENT,SILENT
2026-05-27T20:11:26.949902,PULSE_2.0,SIGNAL_SILENT,SILENT
2026-05-27T20:11:27.952033,PULSE_2.0,SIGNAL_SILENT,SILENT
2026-05-27T20:11:28.954335,PULSE_2.0,SIGNAL_SILENT,SILENT
2026-05-27T20:11:29.956655,PULSE_2.0,SIGNAL_SILENT,SILENT
2026-05-27T20:11:30.959995,PULSE_2.0,SIGNAL_SILENT,SILENT
2026-05-27T20:11:31.962340,PULSE_2.0,SIGNAL_SILENT,SILENT
2026-05-27T20:11:32.964322,PULSE_2.0,SIGNAL_SILENT,SILENT
2026-05-27T20:11:33.966784,PULSE_2.0,SIGNAL_SILENT,SILENT
2026-05-27T20:11:34.968241,PULSE_2.0,SIGNAL_SILENT,SILENT
2026-05-27T20:11:35.969675,PULSE_2.0,SIGNAL_SILENT,SILENT
2026-05-27T20:11:36.971685,PULSE_2.0,SIGNAL_SILENT,SILENT
2026-05-27T20:11:37.973773,PULSE_2.0,SIGNAL_SILENT,SILENT
2026-05-27T20:11:38.977369,PULSE_2.0,SIGNAL_SILENT,SILENT
2026-05-27T20:11:39.978515,PULSE_2.0,SIGNAL_SILENT,SILENT
2026-05-27T20:11:40.982457,PULSE_2.0,SIGNAL_SILENT,SILENT
2026-05-27T20:11:41.983536,PULSE_2.0,SIGNAL_SILENT,SILENT
2026-05-27T20:11:42.985543,PULSE_2.0,SIGNAL_SILENT,SILENT
2026-05-27T20:11:43.986526,PULSE_2.0,SIGNAL_SILENT,SILENT
2026-05-27T20:11:44.987666,PULSE_2.0,SIGNAL_SILENT,SILENT
2026-05-27T20:11:45.989625,PULSE_2.0,SIGNAL_SILENT,SILENT
2026-05-27T20:11:46.991849,PULSE_2.0,SIGNAL_SILENT,SILENT
2026-05-27T20:11:47.996573,PULSE_2.0,SIGNAL_SILENT,SILENT
2026-05-27T20:11:49.001518,PULSE_2.0,SIGNAL_SILENT,SILENT
2026-05-27T20:11:50.005010,PULSE_2.0,SIGNAL_SILENT,SILENT
2026-05-27T20:11:51.011328,PULSE_2.0,SIGNAL_SILENT,SILENT
2026-05-27T20:11:52.014626,PULSE_2.0,SIGNAL_SILENT,SILENT
2026-05-27T20:11:53.021766,PULSE_2.0,SIGNAL_SILENT,SILENT
2026-05-27T20:11:54.024530,PULSE_2.0,SIGNAL_SILENT,SILENT
2026-05-27T20:11:55.026933,PULSE_2.0,SIGNAL_SILENT,SILENT
2026-05-27T20:11:56.028530,PULSE_2.0,SIGNAL_SILENT,SILENT
2026-05-27T20:11:57.031182,PULSE_2.0,SIGNAL_SILENT,SILENT
2026-05-27T20:11:58.032084,PULSE_2.0,SIGNAL_SILENT,SILENT
2026-05-27T20:11:59.034173,PULSE_2.0,SIGNAL_SILENT,SILENT
2026-05-27T20:12:00.035873,PULSE_2.0,SIGNAL_SILENT,SILENT
2026-05-27T20:12:01.037139,PULSE_2.0,SIGNAL_SILENT,SILENT
2026-05-27T20:12:02.038148,PULSE_2.0,SIGNAL_SILENT,SILENT
2026-05-27T20:12:03.039112,PULSE_2.0,SIGNAL_SILENT,SILENT
2026-05-27T20:12:04.051126,PULSE_2.0,SIGNAL_SILENT,SILENT
2026-05-27T20:12:05.053310,PULSE_2.0,SIGNAL_SILENT,SILENT
2026-05-27T20:12:06.057037,PULSE_2.0,SIGNAL_SILENT,SILENT
2026-05-27T20:12:07.058673,PULSE_2.0,SIGNAL_SILENT,SILENT
2026-05-27T20:12:08.063445,PULSE_2.0,SIGNAL_SILENT,SILENT
2026-05-27T20:12:09.065087,PULSE_2.0,SIGNAL_SILENT,SILENT
2026-05-27T20:12:10.067624,PULSE_2.0,SIGNAL_SILENT,SILENT
2026-05-27T20:12:11.070413,PULSE_2.0,SIGNAL_SILENT,SILENT
2026-05-27T20:12:12.073434,PULSE_2.0,SIGNAL_SILENT,SILENT
2026-05-27T20:12:13.074449,PULSE_2.0,SIGNAL_SILENT,SILENT
2026-05-27T20:12:14.077968,PULSE_2.0,SIGNAL_SILENT,SILENT
2026-05-27T20:12:15.080583,PULSE_2.0,SIGNAL_SILENT,SILENT
2026-05-27T20:12:16.082873,PULSE_2.0,SIGNAL_SILENT,SILENT
2026-05-27T20:12:17.085760,PULSE_2.0,SIGNAL_SILENT,SILENT
2026-05-27T20:12:18.087019,PULSE_2.0,SIGNAL_SILENT,SILENT
2026-05-27T20:12:19.088570,PULSE_2.0,SIGNAL_SILENT,SILENT
2026-05-27T20:12:20.090409,PULSE_2.0,SIGNAL_SILENT,SILENT
2026-05-27T20:12:21.092660,PULSE_2.0,SIGNAL_SILENT,SILENT
2026-05-27T20:12:22.097289,PULSE_2.0,SIGNAL_SILENT,SILENT
2026-05-27T20:12:23.099419,PULSE_2.0,SIGNAL_SILENT,SILENT
2026-05-27T20:12:24.105353,PULSE_2.0,SIGNAL_SILENT,SILENT
2026-05-27T20:12:25.106346,PULSE_2.0,SIGNAL_SILENT,SILENT
2026-05-27T20:12:26.110822,PULSE_2.0,SIGNAL_SILENT,SILENT
2026-05-27T20:12:27.114431,PULSE_2.0,SIGNAL_SILENT,SILENT
2026-05-27T20:12:28.117492,PULSE_2.0,SIGNAL_SILENT,SILENT
2026-05-27T20:12:29.119618,PULSE_2.0,SIGNAL_SILENT,SILENT
2026-05-27T20:12:30.121808,PULSE_2.0,SIGNAL_SILENT,SILENT
2026-05-27T20:12:31.124349,PULSE_2.0,SIGNAL_SILENT,SILENT
2026-05-27T20:12:32.130823,PULSE_2.0,SIGNAL_SILENT,SILENT
2026-05-27T20:12:33.132110,PULSE_2.0,SIGNAL_SILENT,SILENT
2026-05-27T20:12:34.133458,PULSE_2.0,SIGNAL_SILENT,SILENT
2026-05-27T20:12:35.134702,PULSE_2.0,SIGNAL_SILENT,SILENT
2026-05-27T20:12:36.136339,PULSE_2.0,SIGNAL_SILENT,SILENT
2026-05-27T20:12:37.139813,PULSE_2.0,SIGNAL_SILENT,SILENT
2026-05-27T20:12:38.141834,PULSE_2.0,SIGNAL_SILENT,SILENT
2026-05-27T20:12:39.144025,PULSE_2.0,SIGNAL_SILENT,SILENT
2026-05-27T20:12:40.145381,PULSE_2.0,SIGNAL_SILENT,SILENT
2026-05-27T20:12:41.147100,PULSE_2.0,SIGNAL_SILENT,SILENT
2026-05-27T20:12:42.148500,PULSE_2.0,SIGNAL_SILENT,SILENT
2026-05-27T20:12:43.150110,PULSE_2.0,SIGNAL_SILENT,SILENT
2026-05-27T20:12:44.152416,PULSE_2.0,SIGNAL_SILENT,SILENT
2026-05-27T20:12:45.154830,PULSE_2.0,SIGNAL_SILENT,SILENT
2026-05-27T20:12:46.156059,PULSE_2.0,SIGNAL_SILENT,SILENT
2026-05-27T20:12:47.157972,PULSE_2.0,SIGNAL_SILENT,SILENT
2026-05-27T20:12:48.159674,PULSE_2.0,SIGNAL_SILENT,SILENT
2026-05-27T20:12:49.161953,PULSE_2.0,SIGNAL_SILENT,SILENT
2026-05-27T20:12:50.163737,PULSE_2.0,SIGNAL_SILENT,SILENT
2026-05-27T20:12:51.168495,PULSE_2.0,SIGNAL_SILENT,SILENT
2026-05-27T20:12:52.170762,PULSE_2.0,SIGNAL_SILENT,SILENT
2026-05-27T20:12:53.172359,PULSE_2.0,SIGNAL_SILENT,SILENT
2026-05-27T20:12:54.176908,PULSE_2.0,SIGNAL_SILENT,SILENT
2026-05-27T20:12:55.178663,PULSE_2.0,SIGNAL_SILENT,SILENT
2026-05-27T20:12:56.181312,PULSE_2.0,SIGNAL_SILENT,SILENT
2026-05-27T20:12:57.184191,PULSE_2.0,SIGNAL_SILENT,SILENT
2026-05-27T20:12:58.186294,PULSE_2.0,SIGNAL_SILENT,SILENT
2026-05-27T20:12:59.187666,PULSE_2.0,SIGNAL_SILENT,SILENT
2026-05-27T20:13:00.198705,PULSE_2.0,SIGNAL_SILENT,SILENT
2026-05-27T20:13:01.201839,PULSE_2.0,SIGNAL_SILENT,SILENT
2026-05-27T20:13:02.203817,PULSE_2.0,SIGNAL_SILENT,SILENT
2026-05-27T20:13:03.205432,PULSE_2.0,SIGNAL_SILENT,SILENT
2026-05-27T20:13:04.206955,PULSE_2.0,SIGNAL_SILENT,SILENT
2026-05-27T20:13:05.209362,PULSE_2.0,SIGNAL_SILENT,SILENT
2026-05-27T20:13:06.210976,PULSE_2.0,SIGNAL_SILENT,SILENT
2026-05-27T20:13:07.213531,PULSE_2.0,SIGNAL_SILENT,SILENT
2026-05-27T20:13:08.214909,PULSE_2.0,SIGNAL_SILENT,SILENT
2026-05-27T20:13:09.217244,PULSE_2.0,SIGNAL_SILENT,SILENT
2026-05-27T20:13:10.218917,PULSE_2.0,SIGNAL_SILENT,SILENT
2026-05-27T20:13:11.220192,PULSE_2.0,SIGNAL_SILENT,SILENT
2026-05-27T20:13:12.221389,PULSE_2.0,SIGNAL_SILENT,SILENT
2026-05-27T20:13:13.222471,PULSE_2.0,SIGNAL_SILENT,SILENT
2026-05-27T20:13:14.223320,PULSE_2.0,SIGNAL_SILENT,SILENT
2026-05-27T20:13:15.225423,PULSE_2.0,SIGNAL_SILENT,SILENT
2026-05-27T20:13:16.227390,PULSE_2.0,SIGNAL_SILENT,SILENT
2026-05-27T20:13:17.229820,PULSE_2.0,SIGNAL_SILENT,SILENT
2026-05-27T20:13:18.232302,PULSE_2.0,SIGNAL_SILENT,SILENT
2026-05-27T20:13:19.234434,PULSE_2.0,SIGNAL_SILENT,SILENT
2026-05-27T20:13:20.237580,PULSE_2.0,SIGNAL_SILENT,SILENT
2026-05-27T20:13:21.238747,PULSE_2.0,SIGNAL_SILENT,SILENT
2026-05-27T20:13:22.241274,PULSE_2.0,SIGNAL_SILENT,SILENT
2026-05-27T20:13:23.243497,PULSE_2.0,SIGNAL_SILENT,SILENT
2026-05-27T20:13:24.246674,PULSE_2.0,SIGNAL_SILENT,SILENT
2026-05-27T20:13:25.248652,PULSE_2.0,SIGNAL_SILENT,SILENT
2026-05-27T20:13:26.253743,PULSE_2.0,SIGNAL_SILENT,SILENT
2026-05-27T20:13:27.255844,PULSE_2.0,SIGNAL_SILENT,SILENT
2026-05-27T20:13:28.261883,PULSE_2.0,SIGNAL_SILENT,SILENT
2026-05-27T20:13:29.264025,PULSE_2.0,SIGNAL_SILENT,SILENT
2026-05-27T20:13:30.267378,PULSE_2.0,SIGNAL_SILENT,SILENT
2026-05-27T20:13:31.270459,PULSE_2.0,SIGNAL_SILENT,SILENT
2026-05-27T20:13:32.272288,PULSE_2.0,SIGNAL_SILENT,SILENT
2026-05-27T20:13:33.274515,PULSE_2.0,SIGNAL_SILENT,SILENT
2026-05-27T20:13:34.282358,PULSE_2.0,SIGNAL_SILENT,SILENT
2026-05-27T20:13:35.284454,PULSE_2.0,SIGNAL_SILENT,SILENT
2026-05-27T20:13:36.289008,PULSE_2.0,SIGNAL_SILENT,SILENT
2026-05-27T20:13:37.290997,PULSE_2.0,SIGNAL_SILENT,SILENT
2026-05-27T20:13:38.293528,PULSE_2.0,SIGNAL_SILENT,SILENT
2026-05-27T20:13:39.294985,PULSE_2.0,SIGNAL_SILENT,SILENT
2026-05-27T20:13:40.297605,PULSE_2.0,SIGNAL_SILENT,SILENT
2026-05-27T20:13:41.302213,PULSE_2.0,SIGNAL_SILENT,SILENT
2026-05-27T20:13:42.303647,PULSE_2.0,SIGNAL_SILENT,SILENT
2026-05-27T20:13:43.306951,PULSE_2.0,SIGNAL_SILENT,SILENT
2026-05-27T20:13:44.309244,PULSE_2.0,SIGNAL_SILENT,SILENT
2026-05-27T20:13:45.312208,PULSE_2.0,SIGNAL_SILENT,SILENT
2026-05-27T20:13:46.313647,PULSE_2.0,SIGNAL_SILENT,SILENT
2026-05-27T20:13:47.314781,PULSE_2.0,SIGNAL_SILENT,SILENT
2026-05-27T20:13:48.317962,PULSE_2.0,SIGNAL_SILENT,SILENT
2026-05-27T20:13:49.321311,PULSE_2.0,SIGNAL_SILENT,SILENT
2026-05-27T20:13:50.323196,PULSE_2.0,SIGNAL_SILENT,SILENT
2026-05-27T20:13:51.324579,PULSE_2.0,SIGNAL_SILENT,SILENT
2026-05-27T20:13:52.328408,PULSE_2.0,SIGNAL_SILENT,SILENT
2026-05-27T20:13:53.330128,PULSE_2.0,SIGNAL_SILENT,SILENT
2026-05-27T20:13:54.331737,PULSE_2.0,SIGNAL_SILENT,SILENT
2026-05-27T20:13:55.334658,PULSE_2.0,SIGNAL_SILENT,SILENT
2026-05-27T20:13:56.336142,PULSE_2.0,SIGNAL_SILENT,SILENT
2026-05-27T20:13:57.337249,PULSE_2.0,SIGNAL_SILENT,SILENT
2026-05-27T20:13:58.341007,PULSE_2.0,SIGNAL_SILENT,SILENT
2026-05-27T20:13:59.342211,PULSE_2.0,SIGNAL_SILENT,SILENT
2026-05-27T20:14:00.343358,PULSE_2.0,SIGNAL_SILENT,SILENT
2026-05-27T20:14:01.345513,PULSE_2.0,SIGNAL_SILENT,SILENT
2026-05-27T20:14:02.347277,PULSE_2.0,SIGNAL_SILENT,SILENT
2026-05-27T20:14:03.349511,PULSE_2.0,SIGNAL_SILENT,SILENT
2026-05-27T20:14:04.350733,PULSE_2.0,SIGNAL_SILENT,SILENT
2026-05-27T20:14:05.357272,PULSE_2.0,SIGNAL_SILENT,SILENT
2026-05-27T20:14:06.360061,PULSE_2.0,SIGNAL_SILENT,SILENT
2026-05-27T20:14:07.361580,PULSE_2.0,SIGNAL_SILENT,SILENT
2026-05-27T20:14:08.365522,PULSE_2.0,SIGNAL_SILENT,SILENT
2026-05-27T20:14:09.367654,PULSE_2.0,SIGNAL_SILENT,SILENT
2026-05-27T20:14:10.369868,PULSE_2.0,SIGNAL_SILENT,SILENT
2026-05-27T20:14:11.371568,PULSE_2.0,SIGNAL_SILENT,SILENT
2026-05-27T20:14:12.373470,PULSE_2.0,SIGNAL_SILENT,SILENT
2026-05-27T20:14:13.375355,PULSE_2.0,SIGNAL_SILENT,SILENT
2026-05-27T20:14:14.377139,PULSE_2.0,SIGNAL_SILENT,SILENT
2026-05-27T20:14:15.378447,PULSE_2.0,SIGNAL_SILENT,SILENT
2026-05-27T20:14:16.381426,PULSE_2.0,SIGNAL_SILENT,SILENT
2026-05-27T20:14:17.383213,PULSE_2.0,SIGNAL_SILENT,SILENT
2026-05-27T20:14:18.386302,PULSE_2.0,SIGNAL_SILENT,SILENT
2026-05-27T20:14:19.388994,PULSE_2.0,SIGNAL_SILENT,SILENT
2026-05-27T20:14:20.391403,PULSE_2.0,SIGNAL_SILENT,SILENT
2026-05-27T20:14:21.393095,PULSE_2.0,SIGNAL_SILENT,SILENT
2026-05-27T20:14:22.395324,PULSE_2.0,SIGNAL_SILENT,SILENT
2026-05-27T20:14:23.397960,PULSE_2.0,SIGNAL_SILENT,SILENT
2026-05-27T20:14:24.406930,PULSE_2.0,SIGNAL_SILENT,SILENT
2026-05-27T20:14:25.409926,PULSE_2.0,SIGNAL_SILENT,SILENT
2026-05-27T20:14:26.411384,PULSE_2.0,SIGNAL_SILENT,SILENT
2026-05-27T20:14:27.413492,PULSE_2.0,SIGNAL_SILENT,SILENT
2026-05-27T20:14:28.416448,PULSE_2.0,SIGNAL_SILENT,SILENT
2026-05-27T20:14:29.419410,PULSE_2.0,SIGNAL_SILENT,SILENT
2026-05-27T20:14:30.422080,PULSE_2.0,SIGNAL_SILENT,SILENT
2026-05-27T20:14:31.425185,PULSE_2.0,SIGNAL_SILENT,SILENT
2026-05-27T20:14:32.427406,PULSE_2.0,SIGNAL_SILENT,SILENT
2026-05-27T20:14:33.429761,PULSE_2.0,SIGNAL_SILENT,SILENT
2026-05-27T20:14:34.432339,PULSE_2.0,SIGNAL_SILENT,SILENT
2026-05-27T20:14:35.435407,PULSE_2.0,SIGNAL_SILENT,SILENT
2026-05-27T20:14:36.438451,PULSE_2.0,SIGNAL_SILENT,SILENT
2026-05-27T20:14:37.440181,PULSE_2.0,SIGNAL_SILENT,SILENT
2026-05-27T20:14:38.442142,PULSE_2.0,SIGNAL_SILENT,SILENT
2026-05-27T20:14:39.445143,PULSE_2.0,SIGNAL_SILENT,SILENT
2026-05-27T20:14:40.447883,PULSE_2.0,SIGNAL_SILENT,SILENT
2026-05-27T20:14:41.450299,PULSE_2.0,SIGNAL_SILENT,SILENT
2026-05-27T20:14:42.452641,PULSE_2.0,SIGNAL_SILENT,SILENT
2026-05-27T20:14:43.454790,PULSE_2.0,SIGNAL_SILENT,SILENT
2026-05-27T20:14:44.460994,PULSE_2.0,SIGNAL_SILENT,SILENT
2026-05-27T20:14:45.468422,PULSE_2.0,SIGNAL_SILENT,SILENT
2026-05-27T20:14:46.471400,PULSE_2.0,SIGNAL_SILENT,SILENT
2026-05-27T20:14:47.473676,PULSE_2.0,SIGNAL_SILENT,SILENT
2026-05-27T20:14:48.475232,PULSE_2.0,SIGNAL_SILENT,SILENT
2026-05-27T20:14:49.477122,PULSE_2.0,SIGNAL_SILENT,SILENT
2026-05-27T20:14:50.480382,PULSE_2.0,SIGNAL_SILENT,SILENT
2026-05-27T20:14:51.482662,PULSE_2.0,SIGNAL_SILENT,SILENT
2026-05-27T20:14:52.486762,PULSE_2.0,SIGNAL_SILENT,SILENT
2026-05-27T20:14:53.488262,PULSE_2.0,SIGNAL_SILENT,SILENT
2026-05-27T20:14:54.490152,PULSE_2.0,SIGNAL_SILENT,SILENT
2026-05-27T20:14:55.493236,PULSE_2.0,SIGNAL_SILENT,SILENT
2026-05-27T20:14:56.494938,PULSE_2.0,SIGNAL_SILENT,SILENT
2026-05-27T20:14:57.501472,PULSE_2.0,SIGNAL_SILENT,SILENT
2026-05-27T20:14:58.503016,PULSE_2.0,SIGNAL_SILENT,SILENT
2026-05-27T20:14:59.504304,PULSE_2.0,SIGNAL_SILENT,SILENT
2026-05-27T20:15:00.506206,PULSE_2.0,SIGNAL_SILENT,SILENT
2026-05-27T20:15:01.509518,PULSE_2.0,SIGNAL_SILENT,SILENT
2026-05-27T20:15:02.512238,PULSE_2.0,SIGNAL_SILENT,SILENT
2026-05-27T20:15:03.514025,PULSE_2.0,SIGNAL_SILENT,SILENT
2026-05-27T20:15:04.516644,PULSE_2.0,SIGNAL_SILENT,SILENT
2026-05-27T20:15:05.520181,PULSE_2.0,SIGNAL_SILENT,SILENT
2026-05-27T20:15:06.522664,PULSE_2.0,SIGNAL_SILENT,SILENT
2026-05-27T20:15:07.525898,PULSE_2.0,SIGNAL_SILENT,SILENT
2026-05-27T20:15:08.528647,PULSE_2.0,SIGNAL_SILENT,SILENT
2026-05-27T20:15:09.532010,PULSE_2.0,SIGNAL_SILENT,SILENT
2026-05-27T20:15:10.534692,PULSE_2.0,SIGNAL_SILENT,SILENT
2026-05-27T20:15:11.537375,PULSE_2.0,SIGNAL_SILENT,SILENT
2026-05-27T20:15:12.546085,PULSE_2.0,SIGNAL_SILENT,SILENT
2026-05-27T20:15:13.548146,PULSE_2.0,SIGNAL_SILENT,SILENT
2026-05-27T20:15:14.549954,PULSE_2.0,SIGNAL_SILENT,SILENT
2026-05-27T20:15:15.552095,PULSE_2.0,SIGNAL_SILENT,SILENT
2026-05-27T20:15:16.553572,PULSE_2.0,SIGNAL_SILENT,SILENT
2026-05-27T20:15:17.557711,PULSE_2.0,SIGNAL_SILENT,SILENT
2026-05-27T20:15:18.560471,PULSE_2.0,SIGNAL_SILENT,SILENT
2026-05-27T20:15:19.563729,PULSE_2.0,SIGNAL_SILENT,SILENT
2026-05-27T20:15:20.566213,PULSE_2.0,SIGNAL_SILENT,SILENT
2026-05-27T20:15:21.568573,PULSE_2.0,SIGNAL_SILENT,SILENT
2026-05-27T20:15:22.571338,PULSE_2.0,SIGNAL_SILENT,SILENT
2026-05-27T20:15:23.573117,PULSE_2.0,SIGNAL_SILENT,SILENT
2026-05-27T20:15:24.575187,PULSE_2.0,SIGNAL_SILENT,SILENT
2026-05-27T20:15:25.577245,PULSE_2.0,SIGNAL_SILENT,SILENT
2026-05-27T20:15:26.579373,PULSE_2.0,SIGNAL_SILENT,SILENT
2026-05-27T20:15:27.581474,PULSE_2.0,SIGNAL_SILENT,SILENT
2026-05-27T20:15:28.583570,PULSE_2.0,SIGNAL_SILENT,SILENT
2026-05-27T20:15:29.585915,PULSE_2.0,SIGNAL_SILENT,SILENT
2026-05-27T20:15:30.587619,PULSE_2.0,SIGNAL_SILENT,SILENT
2026-05-27T20:15:31.589373,PULSE_2.0,SIGNAL_SILENT,SILENT
2026-05-27T20:15:32.592343,PULSE_2.0,SIGNAL_SILENT,SILENT
2026-05-27T20:15:33.595054,PULSE_2.0,SIGNAL_SILENT,SILENT
2026-05-27T20:15:34.597272,PULSE_2.0,SIGNAL_SILENT,SILENT
2026-05-27T20:15:35.599379,PULSE_2.0,SIGNAL_SILENT,SILENT
2026-05-27T20:15:36.601941,PULSE_2.0,SIGNAL_SILENT,SILENT
2026-05-27T20:15:37.604437,PULSE_2.0,SIGNAL_SILENT,SILENT
2026-05-27T20:15:38.607484,PULSE_2.0,SIGNAL_SILENT,SILENT
2026-05-27T20:15:39.611097,PULSE_2.0,SIGNAL_SILENT,SILENT
2026-05-27T20:15:40.613601,PULSE_2.0,SIGNAL_SILENT,SILENT
2026-05-27T20:15:41.616125,PULSE_2.0,SIGNAL_SILENT,SILENT
2026-05-27T20:15:42.618952,PULSE_2.0,SIGNAL_SILENT,SILENT
2026-05-27T20:15:43.621004,PULSE_2.0,SIGNAL_SILENT,SILENT
2026-05-27T20:15:44.623054,PULSE_2.0,SIGNAL_SILENT,SILENT
2026-05-27T20:15:45.625787,PULSE_2.0,SIGNAL_SILENT,SILENT
2026-05-27T20:15:46.627919,PULSE_2.0,SIGNAL_SILENT,SILENT
2026-05-27T20:15:47.630364,PULSE_2.0,SIGNAL_SILENT,SILENT
2026-05-27T20:15:48.633529,PULSE_2.0,SIGNAL_SILENT,SILENT
2026-05-27T20:15:49.637457,PULSE_2.0,SIGNAL_SILENT,SILENT
2026-05-27T20:15:50.639271,PULSE_2.0,SIGNAL_SILENT,SILENT
2026-05-27T20:15:51.641775,PULSE_2.0,SIGNAL_SILENT,SILENT
2026-05-27T20:15:52.645444,PULSE_2.0,SIGNAL_SILENT,SILENT
2026-05-27T20:15:53.647183,PULSE_2.0,SIGNAL_SILENT,SILENT
2026-05-27T20:15:54.649314,PULSE_2.0,SIGNAL_SILENT,SILENT
2026-05-27T20:15:55.653125,PULSE_2.0,SIGNAL_SILENT,SILENT
2026-05-27T20:15:56.655255,PULSE_2.0,SIGNAL_SILENT,SILENT
2026-05-27T20:15:57.657581,PULSE_2.0,SIGNAL_SILENT,SILENT
2026-05-27T20:15:58.659218,PULSE_2.0,SIGNAL_SILENT,SILENT
2026-05-27T20:15:59.661772,PULSE_2.0,SIGNAL_SILENT,SILENT
2026-05-27T20:16:00.663954,PULSE_2.0,SIGNAL_SILENT,SILENT
2026-05-27T20:16:01.666371,PULSE_2.0,SIGNAL_SILENT,SILENT
2026-05-27T20:16:02.667865,PULSE_2.0,SIGNAL_SILENT,SILENT
2026-05-27T20:16:03.669223,PULSE_2.0,SIGNAL_SILENT,SILENT
2026-05-27T20:16:04.670721,PULSE_2.0,SIGNAL_SILENT,SILENT
2026-05-27T20:16:05.674350,PULSE_2.0,SIGNAL_SILENT,SILENT
2026-05-27T20:16:06.677692,PULSE_2.0,SIGNAL_SILENT,SILENT
2026-05-27T20:16:07.680246,PULSE_2.0,SIGNAL_SILENT,SILENT
2026-05-27T20:16:08.683169,PULSE_2.0,SIGNAL_SILENT,SILENT
2026-05-27T20:16:09.685970,PULSE_2.0,SIGNAL_SILENT,SILENT
2026-05-27T20:16:10.689111,PULSE_2.0,SIGNAL_SILENT,SILENT
2026-05-27T20:16:11.691933,PULSE_2.0,SIGNAL_SILENT,SILENT
2026-05-27T20:16:12.693572,PULSE_2.0,SIGNAL_SILENT,SILENT
2026-05-27T20:16:13.695832,PULSE_2.0,SIGNAL_SILENT,SILENT
2026-05-27T20:16:14.697865,PULSE_2.0,SIGNAL_SILENT,SILENT
2026-05-27T20:16:15.699345,PULSE_2.0,SIGNAL_SILENT,SILENT
2026-05-27T20:16:16.700593,PULSE_2.0,SIGNAL_SILENT,SILENT
2026-05-27T20:16:17.702301,PULSE_2.0,SIGNAL_SILENT,SILENT
2026-05-27T20:16:18.705738,PULSE_2.0,SIGNAL_SILENT,SILENT
2026-05-27T20:16:19.707930,PULSE_2.0,SIGNAL_SILENT,SILENT
2026-05-27T20:16:20.710690,PULSE_2.0,SIGNAL_SILENT,SILENT
2026-05-27T20:16:21.713136,PULSE_2.0,SIGNAL_SILENT,SILENT
2026-05-27T20:16:22.715739,PULSE_2.0,SIGNAL_SILENT,SILENT
2026-05-27T20:16:23.718015,PULSE_2.0,SIGNAL_SILENT,SILENT
2026-05-27T20:16:24.720078,PULSE_2.0,SIGNAL_SILENT,SILENT
2026-05-27T20:16:25.723331,PULSE_2.0,SIGNAL_SILENT,SILENT
2026-05-27T20:16:26.726399,PULSE_2.0,SIGNAL_SILENT,SILENT
2026-05-27T20:16:27.727933,PULSE_2.0,SIGNAL_SILENT,SILENT
2026-05-27T20:16:28.730856,PULSE_2.0,SIGNAL_SILENT,SILENT
2026-05-27T20:16:29.732976,PULSE_2.0,SIGNAL_SILENT,SILENT
2026-05-27T20:16:30.734357,PULSE_2.0,SIGNAL_SILENT,SILENT
2026-05-27T20:16:31.737129,PULSE_2.0,SIGNAL_SILENT,SILENT
2026-05-27T20:16:32.739569,PULSE_2.0,SIGNAL_SILENT,SILENT
2026-05-27T20:16:33.741775,PULSE_2.0,SIGNAL_SILENT,SILENT
2026-05-27T20:16:34.743919,PULSE_2.0,SIGNAL_SILENT,SILENT
2026-05-27T20:16:35.745785,PULSE_2.0,SIGNAL_SILENT,SILENT
2026-05-27T20:16:36.747731,PULSE_2.0,SIGNAL_SILENT,SILENT
2026-05-27T20:16:37.750286,PULSE_2.0,SIGNAL_SILENT,SILENT
2026-05-27T20:16:38.753300,PULSE_2.0,SIGNAL_SILENT,SILENT
2026-05-27T20:16:39.754831,PULSE_2.0,SIGNAL_SILENT,SILENT
2026-05-27T20:16:40.756441,PULSE_2.0,SIGNAL_SILENT,SILENT
2026-05-27T20:16:41.758958,PULSE_2.0,SIGNAL_SILENT,SILENT
2026-05-27T20:16:42.761753,PULSE_2.0,SIGNAL_SILENT,SILENT
2026-05-27T20:16:43.767053,PULSE_2.0,SIGNAL_SILENT,SILENT
2026-05-27T20:16:44.769360,PULSE_2.0,SIGNAL_SILENT,SILENT
2026-05-27T20:16:45.771008,PULSE_2.0,SIGNAL_SILENT,SILENT
2026-05-27T20:16:46.772345,PULSE_2.0,SIGNAL_SILENT,SILENT
2026-05-27T20:16:47.774965,PULSE_2.0,SIGNAL_SILENT,SILENT
2026-05-27T20:16:48.777384,PULSE_2.0,SIGNAL_SILENT,SILENT
2026-05-27T20:16:49.779896,PULSE_2.0,SIGNAL_SILENT,SILENT
2026-05-27T20:16:50.782535,PULSE_2.0,SIGNAL_SILENT,SILENT
2026-05-27T20:16:51.783852,PULSE_2.0,SIGNAL_SILENT,SILENT
2026-05-27T20:16:52.785775,PULSE_2.0,SIGNAL_SILENT,SILENT
2026-05-27T20:16:53.787642,PULSE_2.0,SIGNAL_SILENT,SILENT
2026-05-27T20:16:54.790551,PULSE_2.0,SIGNAL_SILENT,SILENT
2026-05-27T20:16:55.792194,PULSE_2.0,SIGNAL_SILENT,SILENT
2026-05-27T20:16:56.793811,PULSE_2.0,SIGNAL_SILENT,SILENT
2026-05-27T20:16:57.795139,PULSE_2.0,SIGNAL_SILENT,SILENT
2026-05-27T20:16:58.797880,PULSE_2.0,SIGNAL_SILENT,SILENT
2026-05-27T20:16:59.799615,PULSE_2.0,SIGNAL_SILENT,SILENT
2026-05-27T20:17:00.801457,PULSE_2.0,SIGNAL_SILENT,SILENT
2026-05-27T20:17:01.803971,PULSE_2.0,SIGNAL_SILENT,SILENT
2026-05-27T20:17:02.805970,PULSE_2.0,SIGNAL_SILENT,SILENT
2026-05-27T20:17:03.807260,PULSE_2.0,SIGNAL_SILENT,SILENT
2026-05-27T20:17:04.811162,PULSE_2.0,SIGNAL_SILENT,SILENT
2026-05-27T20:17:05.813760,PULSE_2.0,SIGNAL_SILENT,SILENT
2026-05-27T20:17:06.815416,PULSE_2.0,SIGNAL_SILENT,SILENT
2026-05-27T20:17:07.817832,PULSE_2.0,SIGNAL_SILENT,SILENT
2026-05-27T20:17:08.819887,PULSE_2.0,SIGNAL_SILENT,SILENT
2026-05-27T20:17:09.821656,PULSE_2.0,SIGNAL_SILENT,SILENT
2026-05-27T20:17:10.823302,PULSE_2.0,SIGNAL_SILENT,SILENT
2026-05-27T20:17:11.824633,PULSE_2.0,SIGNAL_SILENT,SILENT
2026-05-27T20:17:12.826891,PULSE_2.0,SIGNAL_SILENT,SILENT
2026-05-27T20:17:13.829897,PULSE_2.0,SIGNAL_SILENT,SILENT
2026-05-27T20:17:14.832184,PULSE_2.0,SIGNAL_SILENT,SILENT
2026-05-27T20:17:15.834653,PULSE_2.0,SIGNAL_SILENT,SILENT
2026-05-27T20:17:16.836257,PULSE_2.0,SIGNAL_SILENT,SILENT
2026-05-27T20:17:17.837729,PULSE_2.0,SIGNAL_SILENT,SILENT
2026-05-27T20:17:18.840376,PULSE_2.0,SIGNAL_SILENT,SILENT
2026-05-27T20:17:19.843749,PULSE_2.0,SIGNAL_SILENT,SILENT
2026-05-27T20:17:20.846302,PULSE_2.0,SIGNAL_SILENT,SILENT
2026-05-27T20:17:21.849654,PULSE_2.0,SIGNAL_SILENT,SILENT
2026-05-27T20:17:22.851138,PULSE_2.0,SIGNAL_SILENT,SILENT
2026-05-27T20:17:23.855087,PULSE_2.0,SIGNAL_SILENT,SILENT
2026-05-27T20:17:24.856401,PULSE_2.0,SIGNAL_SILENT,SILENT
2026-05-27T20:17:25.865757,PULSE_2.0,SIGNAL_SILENT,SILENT
2026-05-27T20:17:26.867519,PULSE_2.0,SIGNAL_SILENT,SILENT
2026-05-27T20:17:27.871468,PULSE_2.0,SIGNAL_SILENT,SILENT
2026-05-27T20:17:28.873207,PULSE_2.0,SIGNAL_SILENT,SILENT
2026-05-27T20:17:29.874992,PULSE_2.0,SIGNAL_SILENT,SILENT
2026-05-27T20:17:30.877324,PULSE_2.0,SIGNAL_SILENT,SILENT
2026-05-27T20:17:31.879697,PULSE_2.0,SIGNAL_SILENT,SILENT
2026-05-27T20:17:32.882803,PULSE_2.0,SIGNAL_SILENT,SILENT
2026-05-27T20:17:33.884499,PULSE_2.0,SIGNAL_SILENT,SILENT
2026-05-27T20:17:34.886242,PULSE_2.0,SIGNAL_SILENT,SILENT
2026-05-27T20:17:35.887645,PULSE_2.0,SIGNAL_SILENT,SILENT
2026-05-27T20:17:36.890749,PULSE_2.0,SIGNAL_SILENT,SILENT
2026-05-27T20:17:37.893536,PULSE_2.0,SIGNAL_SILENT,SILENT
2026-05-27T20:17:38.895099,PULSE_2.0,SIGNAL_SILENT,SILENT
2026-05-27T20:17:39.902586,PULSE_2.0,SIGNAL_SILENT,SILENT
2026-05-27T20:17:40.904367,PULSE_2.0,SIGNAL_SILENT,SILENT
2026-05-27T20:17:41.906644,PULSE_2.0,SIGNAL_SILENT,SILENT
2026-05-27T20:17:42.909935,PULSE_2.0,SIGNAL_SILENT,SILENT
2026-05-27T20:17:43.911604,PULSE_2.0,SIGNAL_SILENT,SILENT
2026-05-27T20:17:44.913256,PULSE_2.0,SIGNAL_SILENT,SILENT
2026-05-27T20:17:45.915215,PULSE_2.0,SIGNAL_SILENT,SILENT
2026-05-27T20:17:46.919333,PULSE_2.0,SIGNAL_SILENT,SILENT
2026-05-27T20:17:47.922288,PULSE_2.0,SIGNAL_SILENT,SILENT
2026-05-27T20:17:48.923827,PULSE_2.0,SIGNAL_SILENT,SILENT
2026-05-27T20:17:49.926268,PULSE_2.0,SIGNAL_SILENT,SILENT
2026-05-27T20:17:50.929305,PULSE_2.0,SIGNAL_SILENT,SILENT
2026-05-27T20:17:51.933691,PULSE_2.0,SIGNAL_SILENT,SILENT
2026-05-27T20:17:52.935196,PULSE_2.0,SIGNAL_SILENT,SILENT
2026-05-27T20:17:53.937214,PULSE_2.0,SIGNAL_SILENT,SILENT
2026-05-27T20:17:54.939652,PULSE_2.0,SIGNAL_SILENT,SILENT
2026-05-27T20:17:55.941689,PULSE_2.0,SIGNAL_SILENT,SILENT
2026-05-27T20:17:56.943544,PULSE_2.0,SIGNAL_SILENT,SILENT
2026-05-27T20:17:57.946081,PULSE_2.0,SIGNAL_SILENT,SILENT
2026-05-27T20:17:58.948545,PULSE_2.0,SIGNAL_SILENT,SILENT
2026-05-27T20:17:59.950286,PULSE_2.0,SIGNAL_SILENT,SILENT
2026-05-27T20:18:00.953427,PULSE_2.0,SIGNAL_SILENT,SILENT
2026-05-27T20:18:01.958010,PULSE_2.0,SIGNAL_SILENT,SILENT
2026-05-27T20:18:02.960045,PULSE_2.0,SIGNAL_SILENT,SILENT
2026-05-27T20:18:03.962712,PULSE_2.0,SIGNAL_SILENT,SILENT
2026-05-27T20:18:04.965260,PULSE_2.0,SIGNAL_SILENT,SILENT
2026-05-27T20:18:05.967236,PULSE_2.0,SIGNAL_SILENT,SILENT
2026-05-27T20:18:06.970345,PULSE_2.0,SIGNAL_SILENT,SILENT
2026-05-27T20:18:07.972566,PULSE_2.0,SIGNAL_SILENT,SILENT
2026-05-27T20:18:08.974147,PULSE_2.0,SIGNAL_SILENT,SILENT
2026-05-27T20:18:09.976202,PULSE_2.0,SIGNAL_SILENT,SILENT
2026-05-27T20:18:10.978639,PULSE_2.0,SIGNAL_SILENT,SILENT
2026-05-27T20:18:11.981572,PULSE_2.0,SIGNAL_SILENT,SILENT
2026-05-27T20:18:12.983977,PULSE_2.0,SIGNAL_SILENT,SILENT
2026-05-27T20:18:13.986083,PULSE_2.0,SIGNAL_SILENT,SILENT
2026-05-27T20:18:14.987631,PULSE_2.0,SIGNAL_SILENT,SILENT
2026-05-27T20:18:15.989934,PULSE_2.0,SIGNAL_SILENT,SILENT
2026-05-27T20:18:16.992478,PULSE_2.0,SIGNAL_SILENT,SILENT
2026-05-27T20:18:17.994793,PULSE_2.0,SIGNAL_SILENT,SILENT
2026-05-27T20:18:18.997311,PULSE_2.0,SIGNAL_SILENT,SILENT
2026-05-27T20:18:19.999187,PULSE_2.0,SIGNAL_SILENT,SILENT
2026-05-27T20:18:21.001944,PULSE_2.0,SIGNAL_SILENT,SILENT
2026-05-27T20:18:22.004375,PULSE_2.0,SIGNAL_SILENT,SILENT
2026-05-27T20:18:23.007144,PULSE_2.0,SIGNAL_SILENT,SILENT
2026-05-27T20:18:24.009732,PULSE_2.0,SIGNAL_SILENT,SILENT
2026-05-27T20:18:25.013297,PULSE_2.0,SIGNAL_SILENT,SILENT
2026-05-27T20:18:26.016000,PULSE_2.0,SIGNAL_SILENT,SILENT
2026-05-27T20:18:27.018223,PULSE_2.0,SIGNAL_SILENT,SILENT
2026-05-27T20:18:28.021425,PULSE_2.0,SIGNAL_SILENT,SILENT
2026-05-27T20:18:29.024337,PULSE_2.0,SIGNAL_SILENT,SILENT
2026-05-27T20:18:30.027601,PULSE_2.0,SIGNAL_SILENT,SILENT
2026-05-27T20:18:31.029841,PULSE_2.0,SIGNAL_SILENT,SILENT
2026-05-27T20:18:32.032561,PULSE_2.0,SIGNAL_SILENT,SILENT
2026-05-27T20:18:33.035688,PULSE_2.0,SIGNAL_SILENT,SILENT
2026-05-27T20:18:34.038068,PULSE_2.0,SIGNAL_SILENT,SILENT
2026-05-27T20:18:35.040626,PULSE_2.0,SIGNAL_SILENT,SILENT
2026-05-27T20:18:36.043651,PULSE_2.0,SIGNAL_SILENT,SILENT
2026-05-27T20:18:37.045971,PULSE_2.0,SIGNAL_SILENT,SILENT
2026-05-27T20:18:38.049195,PULSE_2.0,SIGNAL_SILENT,SILENT
2026-05-27T20:18:39.051127,PULSE_2.0,SIGNAL_SILENT,SILENT
2026-05-27T20:18:40.053739,PULSE_2.0,SIGNAL_SILENT,SILENT
2026-05-27T20:18:41.056513,PULSE_2.0,SIGNAL_SILENT,SILENT
2026-05-27T20:18:42.059787,PULSE_2.0,SIGNAL_SILENT,SILENT
2026-05-27T20:18:43.062430,PULSE_2.0,SIGNAL_SILENT,SILENT
2026-05-27T20:18:44.065212,PULSE_2.0,SIGNAL_SILENT,SILENT
2026-05-27T20:18:45.067051,PULSE_2.0,SIGNAL_SILENT,SILENT
2026-05-27T20:18:46.070216,PULSE_2.0,SIGNAL_SILENT,SILENT
2026-05-27T20:18:47.073071,PULSE_2.0,SIGNAL_SILENT,SILENT
2026-05-27T20:18:48.077617,PULSE_2.0,SIGNAL_SILENT,SILENT
2026-05-27T20:18:49.080333,PULSE_2.0,SIGNAL_SILENT,SILENT
2026-05-27T20:18:50.082699,PULSE_2.0,SIGNAL_SILENT,SILENT
2026-05-27T20:18:51.085167,PULSE_2.0,SIGNAL_SILENT,SILENT
2026-05-27T20:18:52.088215,PULSE_2.0,SIGNAL_SILENT,SILENT
2026-05-27T20:18:53.090543,PULSE_2.0,SIGNAL_SILENT,SILENT
2026-05-27T20:18:54.093438,PULSE_2.0,SIGNAL_SILENT,SILENT
2026-05-27T20:18:55.095917,PULSE_2.0,SIGNAL_SILENT,SILENT
2026-05-27T20:18:56.098354,PULSE_2.0,SIGNAL_SILENT,SILENT
2026-05-27T20:18:57.100574,PULSE_2.0,SIGNAL_SILENT,SILENT
2026-05-27T20:18:58.103321,PULSE_2.0,SIGNAL_SILENT,SILENT
2026-05-27T20:18:59.112448,PULSE_2.0,SIGNAL_SILENT,SILENT
2026-05-27T20:19:00.114818,PULSE_2.0,SIGNAL_SILENT,SILENT
2026-05-27T20:19:01.118016,PULSE_2.0,SIGNAL_SILENT,SILENT
2026-05-27T20:19:02.120467,PULSE_2.0,SIGNAL_SILENT,SILENT
2026-05-27T20:19:03.122747,PULSE_2.0,SIGNAL_SILENT,SILENT
2026-05-27T20:19:04.125729,PULSE_2.0,SIGNAL_SILENT,SILENT
2026-05-27T20:19:05.131892,PULSE_2.0,SIGNAL_SILENT,SILENT
2026-05-27T20:19:06.134772,PULSE_2.0,SIGNAL_SILENT,SILENT
2026-05-27T20:19:07.138357,PULSE_2.0,SIGNAL_SILENT,SILENT
2026-05-27T20:19:08.141105,PULSE_2.0,SIGNAL_SILENT,SILENT
2026-05-27T20:19:09.143698,PULSE_2.0,SIGNAL_SILENT,SILENT
2026-05-27T20:19:10.145752,PULSE_2.0,SIGNAL_SILENT,SILENT
2026-05-27T20:19:11.148399,PULSE_2.0,SIGNAL_SILENT,SILENT
2026-05-27T20:19:12.151485,PULSE_2.0,SIGNAL_SILENT,SILENT
2026-05-27T20:19:13.156370,PULSE_2.0,SIGNAL_SILENT,SILENT
2026-05-27T20:19:14.159006,PULSE_2.0,SIGNAL_SILENT,SILENT
2026-05-27T20:19:15.161601,PULSE_2.0,SIGNAL_SILENT,SILENT
2026-05-27T20:19:16.164282,PULSE_2.0,SIGNAL_SILENT,SILENT
2026-05-27T20:19:17.167429,PULSE_2.0,SIGNAL_SILENT,SILENT
2026-05-27T20:19:18.169813,PULSE_2.0,SIGNAL_SILENT,SILENT
2026-05-27T20:19:19.171172,PULSE_2.0,SIGNAL_SILENT,SILENT
2026-05-27T20:19:20.171993,PULSE_2.0,SIGNAL_SILENT,SILENT
2026-05-27T20:19:21.172998,PULSE_2.0,SIGNAL_SILENT,SILENT
2026-05-27T20:19:22.173841,PULSE_2.0,SIGNAL_SILENT,SILENT
2026-05-27T20:19:23.174783,PULSE_2.0,SIGNAL_SILENT,SILENT
2026-05-27T20:19:24.175641,PULSE_2.0,SIGNAL_SILENT,SILENT
2026-05-27T20:19:25.177212,PULSE_2.0,SIGNAL_SILENT,SILENT
2026-05-27T20:19:26.178191,PULSE_2.0,SIGNAL_SILENT,SILENT
2026-05-27T20:19:27.180029,PULSE_2.0,SIGNAL_SILENT,SILENT
2026-05-27T20:19:28.181987,PULSE_2.0,SIGNAL_SILENT,SILENT
2026-05-27T20:19:29.183444,PULSE_2.0,SIGNAL_SILENT,SILENT
2026-05-27T20:19:30.186995,PULSE_2.0,SIGNAL_SILENT,SILENT
2026-05-27T20:19:31.189669,PULSE_2.0,SIGNAL_SILENT,SILENT
2026-05-27T20:19:32.193894,PULSE_2.0,SIGNAL_SILENT,SILENT
2026-05-27T20:19:33.195874,PULSE_2.0,SIGNAL_SILENT,SILENT
2026-05-27T20:19:34.197149,PULSE_2.0,SIGNAL_SILENT,SILENT
2026-05-27T20:19:35.198346,PULSE_2.0,SIGNAL_SILENT,SILENT
2026-05-27T20:19:36.201367,PULSE_2.0,SIGNAL_SILENT,SILENT
2026-05-27T20:19:37.203985,PULSE_2.0,SIGNAL_SILENT,SILENT
2026-05-27T20:19:38.206333,PULSE_2.0,SIGNAL_SILENT,SILENT
2026-05-27T20:19:39.208465,PULSE_2.0,SIGNAL_SILENT,SILENT
2026-05-27T20:19:40.211580,PULSE_2.0,SIGNAL_SILENT,SILENT
2026-05-27T20:19:41.213994,PULSE_2.0,SIGNAL_SILENT,SILENT
2026-05-27T20:19:42.216561,PULSE_2.0,SIGNAL_SILENT,SILENT
2026-05-27T20:19:43.219676,PULSE_2.0,SIGNAL_SILENT,SILENT
2026-05-27T20:19:44.222128,PULSE_2.0,SIGNAL_SILENT,SILENT
2026-05-27T20:19:45.226620,PULSE_2.0,SIGNAL_SILENT,SILENT
2026-05-27T20:19:46.229552,PULSE_2.0,SIGNAL_SILENT,SILENT
2026-05-27T20:19:47.232567,PULSE_2.0,SIGNAL_SILENT,SILENT
2026-05-27T20:19:48.235836,PULSE_2.0,SIGNAL_SILENT,SILENT
2026-05-27T20:19:49.238004,PULSE_2.0,SIGNAL_SILENT,SILENT
2026-05-27T20:19:50.240120,PULSE_2.0,SIGNAL_SILENT,SILENT
2026-05-27T20:19:51.241443,PULSE_2.0,SIGNAL_SILENT,SILENT
2026-05-27T20:19:52.243839,PULSE_2.0,SIGNAL_SILENT,SILENT
2026-05-27T20:19:53.249901,PULSE_2.0,SIGNAL_SILENT,SILENT
2026-05-27T20:19:54.252240,PULSE_2.0,SIGNAL_SILENT,SILENT
2026-05-27T20:19:55.254998,PULSE_2.0,SIGNAL_SILENT,SILENT
2026-05-27T20:19:56.257714,PULSE_2.0,SIGNAL_SILENT,SILENT
2026-05-27T20:19:57.260383,PULSE_2.0,SIGNAL_SILENT,SILENT
2026-05-27T20:19:58.263699,PULSE_2.0,SIGNAL_SILENT,SILENT
2026-05-27T20:19:59.266468,PULSE_2.0,SIGNAL_SILENT,SILENT
2026-05-27T20:20:00.269407,PULSE_2.0,SIGNAL_SILENT,SILENT
2026-05-27T20:20:01.273435,PULSE_2.0,SIGNAL_SILENT,SILENT
2026-05-27T20:20:02.275840,PULSE_2.0,SIGNAL_SILENT,SILENT
2026-05-27T20:20:03.278984,PULSE_2.0,SIGNAL_SILENT,SILENT
2026-05-27T20:20:04.281831,PULSE_2.0,SIGNAL_SILENT,SILENT
2026-05-27T20:20:05.287351,PULSE_2.0,SIGNAL_SILENT,SILENT
2026-05-27T20:20:06.289556,PULSE_2.0,SIGNAL_SILENT,SILENT
2026-05-27T20:20:07.291640,PULSE_2.0,SIGNAL_SILENT,SILENT
2026-05-27T20:20:08.295720,PULSE_2.0,SIGNAL_SILENT,SILENT
2026-05-27T20:20:09.298336,PULSE_2.0,SIGNAL_SILENT,SILENT
2026-05-27T20:20:10.300194,PULSE_2.0,SIGNAL_SILENT,SILENT
2026-05-27T20:20:11.303153,PULSE_2.0,SIGNAL_SILENT,SILENT
2026-05-27T20:20:12.306777,PULSE_2.0,SIGNAL_SILENT,SILENT
2026-05-27T20:20:13.309634,PULSE_2.0,SIGNAL_SILENT,SILENT
2026-05-27T20:20:14.312188,PULSE_2.0,SIGNAL_SILENT,SILENT
2026-05-27T20:20:15.314289,PULSE_2.0,SIGNAL_SILENT,SILENT
2026-05-27T20:20:16.315792,PULSE_2.0,SIGNAL_SILENT,SILENT
2026-05-27T20:20:17.318667,PULSE_2.0,SIGNAL_SILENT,SILENT
2026-05-27T20:20:18.321952,PULSE_2.0,SIGNAL_SILENT,SILENT
2026-05-27T20:20:19.325106,PULSE_2.0,SIGNAL_SILENT,SILENT
2026-05-27T20:20:20.327468,PULSE_2.0,SIGNAL_SILENT,SILENT
2026-05-27T20:20:21.330126,PULSE_2.0,SIGNAL_SILENT,SILENT
2026-05-27T20:20:22.332182,PULSE_2.0,SIGNAL_SILENT,SILENT
2026-05-27T20:20:23.333466,PULSE_2.0,SIGNAL_SILENT,SILENT
2026-05-27T20:20:24.340154,PULSE_2.0,SIGNAL_SILENT,SILENT
2026-05-27T20:20:25.342857,PULSE_2.0,SIGNAL_SILENT,SILENT
2026-05-27T20:20:26.343935,PULSE_2.0,SIGNAL_SILENT,SILENT
2026-05-27T20:20:27.346379,PULSE_2.0,SIGNAL_SILENT,SILENT
2026-05-27T20:20:28.350929,PULSE_2.0,SIGNAL_SILENT,SILENT
2026-05-27T20:20:29.354309,PULSE_2.0,SIGNAL_SILENT,SILENT
2026-05-27T20:20:30.356637,PULSE_2.0,SIGNAL_SILENT,SILENT
2026-05-27T20:20:31.358722,PULSE_2.0,SIGNAL_SILENT,SILENT
2026-05-27T20:20:32.360119,PULSE_2.0,SIGNAL_SILENT,SILENT
2026-05-27T20:20:33.363450,PULSE_2.0,SIGNAL_SILENT,SILENT
2026-05-27T20:20:34.366535,PULSE_2.0,SIGNAL_SILENT,SILENT
2026-05-27T20:20:35.369177,PULSE_2.0,SIGNAL_SILENT,SILENT
2026-05-27T20:20:36.372359,PULSE_2.0,SIGNAL_SILENT,SILENT
2026-05-27T20:20:37.375209,PULSE_2.0,SIGNAL_SILENT,SILENT
2026-05-27T20:20:38.378002,PULSE_2.0,SIGNAL_SILENT,SILENT
2026-05-27T20:20:39.380545,PULSE_2.0,SIGNAL_SILENT,SILENT
2026-05-27T20:20:40.383162,PULSE_2.0,SIGNAL_SILENT,SILENT
2026-05-27T20:20:41.386290,PULSE_2.0,SIGNAL_SILENT,SILENT
2026-05-27T20:20:42.389703,PULSE_2.0,SIGNAL_SILENT,SILENT
2026-05-27T20:20:43.392136,PULSE_2.0,SIGNAL_SILENT,SILENT
2026-05-27T20:20:44.395092,PULSE_2.0,SIGNAL_SILENT,SILENT
2026-05-27T20:20:45.398537,PULSE_2.0,SIGNAL_SILENT,SILENT
2026-05-27T20:20:46.400069,PULSE_2.0,SIGNAL_SILENT,SILENT
2026-05-27T20:20:47.408171,PULSE_2.0,SIGNAL_SILENT,SILENT
2026-05-27T20:20:48.409134,PULSE_2.0,SIGNAL_SILENT,SILENT
2026-05-27T20:20:49.410136,PULSE_2.0,SIGNAL_SILENT,SILENT
2026-05-27T20:20:50.411476,PULSE_2.0,SIGNAL_SILENT,SILENT
2026-05-27T20:20:51.413797,PULSE_2.0,SIGNAL_SILENT,SILENT
2026-05-27T20:20:52.415225,PULSE_2.0,SIGNAL_SILENT,SILENT
2026-05-27T20:20:53.416409,PULSE_2.0,SIGNAL_SILENT,SILENT
2026-05-27T20:20:54.419493,PULSE_2.0,SIGNAL_SILENT,SILENT
2026-05-27T20:20:55.422999,PULSE_2.0,SIGNAL_SILENT,SILENT
2026-05-27T20:20:56.424389,PULSE_2.0,SIGNAL_SILENT,SILENT
2026-05-27T20:20:57.427692,PULSE_2.0,SIGNAL_SILENT,SILENT
2026-05-27T20:20:58.429464,PULSE_2.0,SIGNAL_SILENT,SILENT
2026-05-27T20:20:59.430989,PULSE_2.0,SIGNAL_SILENT,SILENT
2026-05-27T20:21:00.433237,PULSE_2.0,SIGNAL_SILENT,SILENT
2026-05-27T20:21:01.437883,PULSE_2.0,SIGNAL_SILENT,SILENT
2026-05-27T20:21:02.439529,PULSE_2.0,SIGNAL_SILENT,SILENT
2026-05-27T20:21:03.441349,PULSE_2.0,SIGNAL_SILENT,SILENT
2026-05-27T20:21:04.442247,PULSE_2.0,SIGNAL_SILENT,SILENT
2026-05-27T20:21:05.443679,PULSE_2.0,SIGNAL_SILENT,SILENT
2026-05-27T20:21:06.448181,PULSE_2.0,SIGNAL_SILENT,SILENT
2026-05-27T20:21:07.449272,PULSE_2.0,SIGNAL_SILENT,SILENT
2026-05-27T20:21:08.451252,PULSE_2.0,SIGNAL_SILENT,SILENT
2026-05-27T20:21:09.453473,PULSE_2.0,SIGNAL_SILENT,SILENT
2026-05-27T20:21:10.456030,PULSE_2.0,SIGNAL_SILENT,SILENT
2026-05-27T20:21:11.457416,PULSE_2.0,SIGNAL_SILENT,SILENT
2026-05-27T20:21:12.460357,PULSE_2.0,SIGNAL_SILENT,SILENT
2026-05-27T20:21:13.461345,PULSE_2.0,SIGNAL_SILENT,SILENT
2026-05-27T20:21:14.463561,PULSE_2.0,SIGNAL_SILENT,SILENT
2026-05-27T20:21:15.465105,PULSE_2.0,SIGNAL_SILENT,SILENT
2026-05-27T20:21:16.466877,PULSE_2.0,SIGNAL_SILENT,SILENT
2026-05-27T20:21:17.470754,PULSE_2.0,SIGNAL_SILENT,SILENT
2026-05-27T20:21:18.472419,PULSE_2.0,SIGNAL_SILENT,SILENT
2026-05-27T20:21:19.474745,PULSE_2.0,SIGNAL_SILENT,SILENT
2026-05-27T20:21:20.481816,PULSE_2.0,SIGNAL_SILENT,SILENT
2026-05-27T20:21:21.484522,PULSE_2.0,SIGNAL_SILENT,SILENT
2026-05-27T20:21:22.487018,PULSE_2.0,SIGNAL_SILENT,SILENT
2026-05-27T20:21:23.489844,PULSE_2.0,SIGNAL_SILENT,SILENT
2026-05-27T20:21:24.492128,PULSE_2.0,SIGNAL_SILENT,SILENT
2026-05-27T20:21:25.495331,PULSE_2.0,SIGNAL_SILENT,SILENT
2026-05-27T20:21:26.497432,PULSE_2.0,SIGNAL_SILENT,SILENT
2026-05-27T20:21:27.499116,PULSE_2.0,SIGNAL_SILENT,SILENT
2026-05-27T20:21:28.500033,PULSE_2.0,SIGNAL_SILENT,SILENT
2026-05-27T20:21:29.502180,PULSE_2.0,SIGNAL_SILENT,SILENT
2026-05-27T20:21:30.504452,PULSE_2.0,SIGNAL_SILENT,SILENT
2026-05-27T20:21:31.506016,PULSE_2.0,SIGNAL_SILENT,SILENT
2026-05-27T20:21:32.511000,PULSE_2.0,SIGNAL_SILENT,SILENT
2026-05-27T20:21:33.511953,PULSE_2.0,SIGNAL_SILENT,SILENT
2026-05-27T20:21:34.513674,PULSE_2.0,SIGNAL_SILENT,SILENT
2026-05-27T20:21:35.515808,PULSE_2.0,SIGNAL_SILENT,SILENT
2026-05-27T20:21:36.522315,PULSE_2.0,SIGNAL_SILENT,SILENT
2026-05-27T20:21:37.525105,PULSE_2.0,SIGNAL_SILENT,SILENT
2026-05-27T20:21:38.527479,PULSE_2.0,SIGNAL_SILENT,SILENT
2026-05-27T20:21:39.530323,PULSE_2.0,SIGNAL_SILENT,SILENT
2026-05-27T20:21:40.535314,PULSE_2.0,SIGNAL_SILENT,SILENT
2026-05-27T20:21:41.536502,PULSE_2.0,SIGNAL_SILENT,SILENT
2026-05-27T20:21:42.538501,PULSE_2.0,SIGNAL_SILENT,SILENT
2026-05-27T20:21:43.542064,PULSE_2.0,SIGNAL_SILENT,SILENT
2026-05-27T20:21:44.543387,PULSE_2.0,SIGNAL_SILENT,SILENT
2026-05-27T20:21:45.544577,PULSE_2.0,SIGNAL_SILENT,SILENT
2026-05-27T20:21:46.546952,PULSE_2.0,SIGNAL_SILENT,SILENT
2026-05-27T20:21:47.548103,PULSE_2.0,SIGNAL_SILENT,SILENT
2026-05-27T20:21:48.549744,PULSE_2.0,SIGNAL_SILENT,SILENT
2026-05-27T20:21:49.557110,PULSE_2.0,SIGNAL_SILENT,SILENT
2026-05-27T20:21:50.558122,PULSE_2.0,SIGNAL_SILENT,SILENT
2026-05-27T20:21:51.561453,PULSE_2.0,SIGNAL_SILENT,SILENT
2026-05-27T20:21:52.563456,PULSE_2.0,SIGNAL_SILENT,SILENT
2026-05-27T20:21:53.566059,PULSE_2.0,SIGNAL_SILENT,SILENT
2026-05-27T20:21:54.568130,PULSE_2.0,SIGNAL_SILENT,SILENT
2026-05-27T20:21:55.570049,PULSE_2.0,SIGNAL_SILENT,SILENT
2026-05-27T20:21:56.573784,PULSE_2.0,SIGNAL_SILENT,SILENT
2026-05-27T20:21:57.579391,PULSE_2.0,SIGNAL_SILENT,SILENT
2026-05-27T20:21:58.581919,PULSE_2.0,SIGNAL_SILENT,SILENT
2026-05-27T20:21:59.585604,PULSE_2.0,SIGNAL_SILENT,SILENT
2026-05-27T20:22:00.587665,PULSE_2.0,SIGNAL_SILENT,SILENT
2026-05-27T20:22:01.589664,PULSE_2.0,SIGNAL_SILENT,SILENT
2026-05-27T20:22:02.591207,PULSE_2.0,SIGNAL_SILENT,SILENT
2026-05-27T20:22:03.595698,PULSE_2.0,SIGNAL_SILENT,SILENT
2026-05-27T20:22:04.596976,PULSE_2.0,SIGNAL_SILENT,SILENT
2026-05-27T20:22:05.598195,PULSE_2.0,SIGNAL_SILENT,SILENT
2026-05-27T20:22:06.599342,PULSE_2.0,SIGNAL_SILENT,SILENT
2026-05-27T20:22:07.600317,PULSE_2.0,SIGNAL_SILENT,SILENT
2026-05-27T20:22:08.602174,PULSE_2.0,SIGNAL_SILENT,SILENT
2026-05-27T20:22:09.603513,PULSE_2.0,SIGNAL_SILENT,SILENT
2026-05-27T20:22:10.606422,PULSE_2.0,SIGNAL_SILENT,SILENT
2026-05-27T20:22:11.607891,PULSE_2.0,SIGNAL_SILENT,SILENT
2026-05-27T20:22:12.609333,PULSE_2.0,SIGNAL_SILENT,SILENT
2026-05-27T20:22:13.610989,PULSE_2.0,SIGNAL_SILENT,SILENT
2026-05-27T20:22:14.615090,PULSE_2.0,SIGNAL_SILENT,SILENT
2026-05-27T20:22:15.617191,PULSE_2.0,SIGNAL_SILENT,SILENT
2026-05-27T20:22:16.620014,PULSE_2.0,SIGNAL_SILENT,SILENT
2026-05-27T20:22:17.621851,PULSE_2.0,SIGNAL_SILENT,SILENT
2026-05-27T20:22:18.623716,PULSE_2.0,SIGNAL_SILENT,SILENT
2026-05-27T20:22:19.625973,PULSE_2.0,SIGNAL_SILENT,SILENT
2026-05-27T20:22:20.629721,PULSE_2.0,SIGNAL_SILENT,SILENT
2026-05-27T20:22:21.631983,PULSE_2.0,SIGNAL_SILENT,SILENT
2026-05-27T20:22:22.633878,PULSE_2.0,SIGNAL_SILENT,SILENT
2026-05-27T20:22:23.635946,PULSE_2.0,SIGNAL_SILENT,SILENT
2026-05-27T20:22:24.637539,PULSE_2.0,SIGNAL_SILENT,SILENT
2026-05-27T20:22:25.638652,PULSE_2.0,SIGNAL_SILENT,SILENT
2026-05-27T20:22:26.640471,PULSE_2.0,SIGNAL_SILENT,SILENT
2026-05-27T20:22:27.642248,PULSE_2.0,SIGNAL_SILENT,SILENT
2026-05-27T20:22:28.644083,PULSE_2.0,SIGNAL_SILENT,SILENT
2026-05-27T20:22:29.646021,PULSE_2.0,SIGNAL_SILENT,SILENT
2026-05-27T20:22:30.647544,PULSE_2.0,SIGNAL_SILENT,SILENT
2026-05-27T20:22:31.651153,PULSE_2.0,SIGNAL_SILENT,SILENT
2026-05-27T20:22:32.653300,PULSE_2.0,SIGNAL_SILENT,SILENT
2026-05-27T20:22:33.654903,PULSE_2.0,SIGNAL_SILENT,SILENT
2026-05-27T20:22:34.655885,PULSE_2.0,SIGNAL_SILENT,SILENT
2026-05-27T20:22:35.657934,PULSE_2.0,SIGNAL_SILENT,SILENT
2026-05-27T20:22:36.661297,PULSE_2.0,SIGNAL_SILENT,SILENT
2026-05-27T20:22:37.663382,PULSE_2.0,SIGNAL_SILENT,SILENT
2026-05-27T20:22:38.666773,PULSE_2.0,SIGNAL_SILENT,SILENT
2026-05-27T20:22:39.676251,PULSE_2.0,SIGNAL_SILENT,SILENT
2026-05-27T20:22:40.677630,PULSE_2.0,SIGNAL_SILENT,SILENT
2026-05-27T20:22:41.679239,PULSE_2.0,SIGNAL_SILENT,SILENT
2026-05-27T20:22:42.682212,PULSE_2.0,SIGNAL_SILENT,SILENT
2026-05-27T20:22:43.683210,PULSE_2.0,SIGNAL_SILENT,SILENT
2026-05-27T20:22:44.685357,PULSE_2.0,SIGNAL_SILENT,SILENT
2026-05-27T20:22:45.686939,PULSE_2.0,SIGNAL_SILENT,SILENT
2026-05-27T20:22:46.689697,PULSE_2.0,SIGNAL_SILENT,SILENT
2026-05-27T20:22:47.691857,PULSE_2.0,SIGNAL_SILENT,SILENT
2026-05-27T20:22:48.694193,PULSE_2.0,SIGNAL_SILENT,SILENT
2026-05-27T20:22:49.695416,PULSE_2.0,SIGNAL_SILENT,SILENT
2026-05-27T20:22:50.696416,PULSE_2.0,SIGNAL_SILENT,SILENT
2026-05-27T20:22:51.697417,PULSE_2.0,SIGNAL_SILENT,SILENT
2026-05-27T20:22:52.701960,PULSE_2.0,SIGNAL_SILENT,SILENT
2026-05-27T20:22:53.705167,PULSE_2.0,SIGNAL_SILENT,SILENT
2026-05-27T20:22:54.707926,PULSE_2.0,SIGNAL_SILENT,SILENT
2026-05-27T20:22:55.709994,PULSE_2.0,SIGNAL_SILENT,SILENT
2026-05-27T20:22:56.715285,PULSE_2.0,SIGNAL_SILENT,SILENT
2026-05-27T20:22:57.719148,PULSE_2.0,SIGNAL_SILENT,SILENT
2026-05-27T20:22:58.723782,PULSE_2.0,SIGNAL_SILENT,SILENT
2026-05-27T20:22:59.727865,PULSE_2.0,SIGNAL_SILENT,SILENT
2026-05-27T20:23:00.731128,PULSE_2.0,SIGNAL_SILENT,SILENT
2026-05-27T20:23:01.732519,PULSE_2.0,SIGNAL_SILENT,SILENT
2026-05-27T20:23:02.735839,PULSE_2.0,SIGNAL_SILENT,SILENT
2026-05-27T20:23:03.737324,PULSE_2.0,SIGNAL_SILENT,SILENT
2026-05-27T20:23:04.738738,PULSE_2.0,SIGNAL_SILENT,SILENT
2026-05-27T20:23:05.741531,PULSE_2.0,SIGNAL_SILENT,SILENT
2026-05-27T20:23:06.742582,PULSE_2.0,SIGNAL_SILENT,SILENT
2026-05-27T20:23:07.745765,PULSE_2.0,SIGNAL_SILENT,SILENT
2026-05-27T20:23:08.747262,PULSE_2.0,SIGNAL_SILENT,SILENT
2026-05-27T20:23:09.749723,PULSE_2.0,SIGNAL_SILENT,SILENT
2026-05-27T20:23:10.751661,PULSE_2.0,SIGNAL_SILENT,SILENT
2026-05-27T20:23:11.753451,PULSE_2.0,SIGNAL_SILENT,SILENT
2026-05-27T20:23:12.755621,PULSE_2.0,SIGNAL_SILENT,SILENT
2026-05-27T20:23:13.757742,PULSE_2.0,SIGNAL_SILENT,SILENT
2026-05-27T20:23:14.759580,PULSE_2.0,SIGNAL_SILENT,SILENT
2026-05-27T20:23:15.761820,PULSE_2.0,SIGNAL_SILENT,SILENT
2026-05-27T20:23:16.763935,PULSE_2.0,SIGNAL_SILENT,SILENT
2026-05-27T20:23:17.765898,PULSE_2.0,SIGNAL_SILENT,SILENT
2026-05-27T20:23:18.768179,PULSE_2.0,SIGNAL_SILENT,SILENT
2026-05-27T20:23:19.769866,PULSE_2.0,SIGNAL_SILENT,SILENT
2026-05-27T20:23:20.770804,PULSE_2.0,SIGNAL_SILENT,SILENT
2026-05-27T20:23:21.773483,PULSE_2.0,SIGNAL_SILENT,SILENT
2026-05-27T20:23:22.774930,PULSE_2.0,SIGNAL_SILENT,SILENT
2026-05-27T20:23:23.778110,PULSE_2.0,SIGNAL_SILENT,SILENT
2026-05-27T20:23:24.779441,PULSE_2.0,SIGNAL_SILENT,SILENT
2026-05-27T20:23:25.780949,PULSE_2.0,SIGNAL_SILENT,SILENT
2026-05-27T20:23:26.782463,PULSE_2.0,SIGNAL_SILENT,SILENT
2026-05-27T20:23:27.783646,PULSE_2.0,SIGNAL_SILENT,SILENT
2026-05-27T20:23:28.787065,PULSE_2.0,SIGNAL_SILENT,SILENT
2026-05-27T20:23:29.788629,PULSE_2.0,SIGNAL_SILENT,SILENT
2026-05-27T20:23:30.790226,PULSE_2.0,SIGNAL_SILENT,SILENT
2026-05-27T20:23:31.791783,PULSE_2.0,SIGNAL_SILENT,SILENT
2026-05-27T20:23:32.794066,PULSE_2.0,SIGNAL_SILENT,SILENT
2026-05-27T20:23:33.795374,PULSE_2.0,SIGNAL_SILENT,SILENT
2026-05-27T20:23:34.797666,PULSE_2.0,SIGNAL_SILENT,SILENT
2026-05-27T20:23:35.798769,PULSE_2.0,SIGNAL_SILENT,SILENT
2026-05-27T20:23:36.801484,PULSE_2.0,SIGNAL_SILENT,SILENT
2026-05-27T20:23:37.803117,PULSE_2.0,SIGNAL_SILENT,SILENT
2026-05-27T20:23:38.806914,PULSE_2.0,SIGNAL_SILENT,SILENT
2026-05-27T20:23:39.808336,PULSE_2.0,SIGNAL_SILENT,SILENT
2026-05-27T20:23:40.810232,PULSE_2.0,SIGNAL_SILENT,SILENT
2026-05-27T20:23:41.813445,PULSE_2.0,SIGNAL_SILENT,SILENT
2026-05-27T20:23:42.814837,PULSE_2.0,SIGNAL_SILENT,SILENT
2026-05-27T20:23:43.815976,PULSE_2.0,SIGNAL_SILENT,SILENT
2026-05-27T20:23:44.817211,PULSE_2.0,SIGNAL_SILENT,SILENT
2026-05-27T20:23:45.818117,PULSE_2.0,SIGNAL_SILENT,SILENT
2026-05-27T20:23:46.819388,PULSE_2.0,SIGNAL_SILENT,SILENT
2026-05-27T20:23:47.820885,PULSE_2.0,SIGNAL_SILENT,SILENT
2026-05-27T20:23:48.823063,PULSE_2.0,SIGNAL_SILENT,SILENT
2026-05-27T20:23:49.824220,PULSE_2.0,SIGNAL_SILENT,SILENT
2026-05-27T20:23:50.825392,PULSE_2.0,SIGNAL_SILENT,SILENT
2026-05-27T20:23:51.827956,PULSE_2.0,SIGNAL_SILENT,SILENT
2026-05-27T20:23:52.831162,PULSE_2.0,SIGNAL_SILENT,SILENT
2026-05-27T20:23:53.834137,PULSE_2.0,SIGNAL_SILENT,SILENT
2026-05-27T20:23:54.841414,PULSE_2.0,SIGNAL_SILENT,SILENT
2026-05-27T20:23:55.843091,PULSE_2.0,SIGNAL_SILENT,SILENT
2026-05-27T20:23:56.845392,PULSE_2.0,SIGNAL_SILENT,SILENT
2026-05-27T20:23:57.849580,PULSE_2.0,SIGNAL_SILENT,SILENT
2026-05-27T20:23:58.854704,PULSE_2.0,SIGNAL_SILENT,SILENT
2026-05-27T20:23:59.857514,PULSE_2.0,SIGNAL_SILENT,SILENT
2026-05-27T20:24:00.858636,PULSE_2.0,SIGNAL_SILENT,SILENT
2026-05-27T20:24:01.859778,PULSE_2.0,SIGNAL_SILENT,SILENT
2026-05-27T20:24:02.863579,PULSE_2.0,SIGNAL_SILENT,SILENT
2026-05-27T20:24:03.865015,PULSE_2.0,SIGNAL_SILENT,SILENT
2026-05-27T20:24:04.866334,PULSE_2.0,SIGNAL_SILENT,SILENT
2026-05-27T20:24:05.872268,PULSE_2.0,SIGNAL_SILENT,SILENT
2026-05-27T20:24:06.873780,PULSE_2.0,SIGNAL_SILENT,SILENT
2026-05-27T20:24:07.875355,PULSE_2.0,SIGNAL_SILENT,SILENT
2026-05-27T20:24:08.877836,PULSE_2.0,SIGNAL_SILENT,SILENT
2026-05-27T20:24:09.879353,PULSE_2.0,SIGNAL_SILENT,SILENT
2026-05-27T20:24:10.882335,PULSE_2.0,SIGNAL_SILENT,SILENT
2026-05-27T20:24:11.884438,PULSE_2.0,SIGNAL_SILENT,SILENT
2026-05-27T20:24:12.886814,PULSE_2.0,SIGNAL_SILENT,SILENT
2026-05-27T20:24:13.889100,PULSE_2.0,SIGNAL_SILENT,SILENT
2026-05-27T20:24:14.891452,PULSE_2.0,SIGNAL_SILENT,SILENT
2026-05-27T20:24:15.893800,PULSE_2.0,SIGNAL_SILENT,SILENT
2026-05-27T20:24:16.896524,PULSE_2.0,SIGNAL_SILENT,SILENT
2026-05-27T20:24:17.898998,PULSE_2.0,SIGNAL_SILENT,SILENT
2026-05-27T20:24:18.901530,PULSE_2.0,SIGNAL_SILENT,SILENT
2026-05-27T20:24:19.902872,PULSE_2.0,SIGNAL_SILENT,SILENT
2026-05-27T20:24:20.904488,PULSE_2.0,SIGNAL_SILENT,SILENT
2026-05-27T20:24:21.907544,PULSE_2.0,SIGNAL_SILENT,SILENT
2026-05-27T20:24:22.909499,PULSE_2.0,SIGNAL_SILENT,SILENT
2026-05-27T20:24:23.911583,PULSE_2.0,SIGNAL_SILENT,SILENT
2026-05-27T20:24:24.913978,PULSE_2.0,SIGNAL_SILENT,SILENT
2026-05-27T20:24:25.916008,PULSE_2.0,SIGNAL_SILENT,SILENT
2026-05-27T20:24:26.917952,PULSE_2.0,SIGNAL_SILENT,SILENT
2026-05-27T20:24:27.919202,PULSE_2.0,SIGNAL_SILENT,SILENT
2026-05-27T20:24:28.922793,PULSE_2.0,SIGNAL_SILENT,SILENT
2026-05-27T20:24:29.924992,PULSE_2.0,SIGNAL_SILENT,SILENT
2026-05-27T20:24:30.926816,PULSE_2.0,SIGNAL_SILENT,SILENT
2026-05-27T20:24:31.929817,PULSE_2.0,SIGNAL_SILENT,SILENT
2026-05-27T20:24:32.933546,PULSE_2.0,SIGNAL_SILENT,SILENT
2026-05-27T20:24:33.935148,PULSE_2.0,SIGNAL_SILENT,SILENT
2026-05-27T20:24:34.937744,PULSE_2.0,SIGNAL_SILENT,SILENT
2026-05-27T20:24:35.943324,PULSE_2.0,SIGNAL_SILENT,SILENT
2026-05-27T20:24:36.946620,PULSE_2.0,SIGNAL_SILENT,SILENT
2026-05-27T20:24:37.949936,PULSE_2.0,SIGNAL_SILENT,SILENT
2026-05-27T20:24:38.950980,PULSE_2.0,SIGNAL_SILENT,SILENT
2026-05-27T20:24:39.954887,PULSE_2.0,SIGNAL_SILENT,SILENT
2026-05-27T20:24:40.957531,PULSE_2.0,SIGNAL_SILENT,SILENT
2026-05-27T20:24:41.961112,PULSE_2.0,SIGNAL_SILENT,SILENT
2026-05-27T20:24:42.963407,PULSE_2.0,SIGNAL_SILENT,SILENT
2026-05-27T20:24:43.964892,PULSE_2.0,SIGNAL_SILENT,SILENT
2026-05-27T20:24:44.966699,PULSE_2.0,SIGNAL_SILENT,SILENT
2026-05-27T20:24:45.968433,PULSE_2.0,SIGNAL_SILENT,SILENT
2026-05-27T20:24:46.971237,PULSE_2.0,SIGNAL_SILENT,SILENT
2026-05-27T20:24:47.973816,PULSE_2.0,SIGNAL_SILENT,SILENT
2026-05-27T20:24:48.975269,PULSE_2.0,SIGNAL_SILENT,SILENT
2026-05-27T20:24:49.977558,PULSE_2.0,SIGNAL_SILENT,SILENT
2026-05-27T20:24:50.979084,PULSE_2.0,SIGNAL_SILENT,SILENT
2026-05-27T20:24:51.982711,PULSE_2.0,SIGNAL_SILENT,SILENT
2026-05-27T20:24:52.984598,PULSE_2.0,SIGNAL_SILENT,SILENT
2026-05-27T20:24:53.987234,PULSE_2.0,SIGNAL_SILENT,SILENT
2026-05-27T20:24:54.989717,PULSE_2.0,SIGNAL_SILENT,SILENT
2026-05-27T20:24:55.993437,PULSE_2.0,SIGNAL_SILENT,SILENT
2026-05-27T20:24:56.995021,PULSE_2.0,SIGNAL_SILENT,SILENT
2026-05-27T20:24:58.013161,PULSE_2.0,SIGNAL_SILENT,SILENT
2026-05-27T20:24:59.015216,PULSE_2.0,SIGNAL_SILENT,SILENT
2026-05-27T20:25:00.017294,PULSE_2.0,SIGNAL_SILENT,SILENT
2026-05-27T20:25:01.019059,PULSE_2.0,SIGNAL_SILENT,SILENT
2026-05-27T20:25:02.020467,PULSE_2.0,SIGNAL_SILENT,SILENT
2026-05-27T20:25:03.026737,PULSE_2.0,SIGNAL_SILENT,SILENT
2026-05-27T20:25:04.030523,PULSE_2.0,SIGNAL_SILENT,SILENT
2026-05-27T20:25:05.032385,PULSE_2.0,SIGNAL_SILENT,SILENT
2026-05-27T20:25:06.034450,PULSE_2.0,SIGNAL_SILENT,SILENT
2026-05-27T20:25:07.036603,PULSE_2.0,SIGNAL_SILENT,SILENT
2026-05-27T20:25:08.039192,PULSE_2.0,SIGNAL_SILENT,SILENT
2026-05-27T20:25:09.040562,PULSE_2.0,SIGNAL_SILENT,SILENT
2026-05-27T20:25:10.043713,PULSE_2.0,SIGNAL_SILENT,SILENT
2026-05-27T20:25:11.049401,PULSE_2.0,SIGNAL_SILENT,SILENT
2026-05-27T20:25:12.050948,PULSE_2.0,SIGNAL_SILENT,SILENT
2026-05-27T20:25:13.054416,PULSE_2.0,SIGNAL_SILENT,SILENT
2026-05-27T20:25:14.055841,PULSE_2.0,SIGNAL_SILENT,SILENT
2026-05-27T20:25:15.057812,PULSE_2.0,SIGNAL_SILENT,SILENT
2026-05-27T20:25:16.059023,PULSE_2.0,SIGNAL_SILENT,SILENT
2026-05-27T20:25:17.061602,PULSE_2.0,SIGNAL_SILENT,SILENT
2026-05-27T20:25:18.062950,PULSE_2.0,SIGNAL_SILENT,SILENT
2026-05-27T20:25:19.064371,PULSE_2.0,SIGNAL_SILENT,SILENT
2026-05-27T20:25:20.066161,PULSE_2.0,SIGNAL_SILENT,SILENT
2026-05-27T20:25:21.067259,PULSE_2.0,SIGNAL_SILENT,SILENT
2026-05-27T20:25:22.074065,PULSE_2.0,SIGNAL_SILENT,SILENT
2026-05-27T20:25:23.079294,PULSE_2.0,SIGNAL_SILENT,SILENT
2026-05-27T20:25:24.081819,PULSE_2.0,SIGNAL_SILENT,SILENT
2026-05-27T20:25:25.083660,PULSE_2.0,SIGNAL_SILENT,SILENT
2026-05-27T20:25:26.085309,PULSE_2.0,SIGNAL_SILENT,SILENT
2026-05-27T20:25:27.087564,PULSE_2.0,SIGNAL_SILENT,SILENT
2026-05-27T20:25:28.089103,PULSE_2.0,SIGNAL_SILENT,SILENT
2026-05-27T20:25:29.091353,PULSE_2.0,SIGNAL_SILENT,SILENT
2026-05-27T20:25:30.094711,PULSE_2.0,SIGNAL_SILENT,SILENT
2026-05-27T20:25:31.097775,PULSE_2.0,SIGNAL_SILENT,SILENT
2026-05-27T20:25:32.102228,PULSE_2.0,SIGNAL_SILENT,SILENT
2026-05-27T20:25:33.103999,PULSE_2.0,SIGNAL_SILENT,SILENT
2026-05-27T20:25:34.105645,PULSE_2.0,SIGNAL_SILENT,SILENT
2026-05-27T20:25:35.107399,PULSE_2.0,SIGNAL_SILENT,SILENT
2026-05-27T20:25:36.108922,PULSE_2.0,SIGNAL_SILENT,SILENT
2026-05-27T20:25:37.110420,PULSE_2.0,SIGNAL_SILENT,SILENT
2026-05-27T20:25:38.112435,PULSE_2.0,SIGNAL_SILENT,SILENT
2026-05-27T20:25:39.114831,PULSE_2.0,SIGNAL_SILENT,SILENT
2026-05-27T20:25:40.118314,PULSE_2.0,SIGNAL_SILENT,SILENT
2026-05-27T20:25:41.121815,PULSE_2.0,SIGNAL_SILENT,SILENT
2026-05-27T20:25:42.123945,PULSE_2.0,SIGNAL_SILENT,SILENT
2026-05-27T20:25:43.126051,PULSE_2.0,SIGNAL_SILENT,SILENT
2026-05-27T20:25:44.127425,PULSE_2.0,SIGNAL_SILENT,SILENT
2026-05-27T20:25:45.129335,PULSE_2.0,SIGNAL_SILENT,SILENT
2026-05-27T20:25:46.131416,PULSE_2.0,SIGNAL_SILENT,SILENT
2026-05-27T20:25:47.134616,PULSE_2.0,SIGNAL_SILENT,SILENT
2026-05-27T20:25:48.136025,PULSE_2.0,SIGNAL_SILENT,SILENT
2026-05-27T20:25:49.137870,PULSE_2.0,SIGNAL_SILENT,SILENT
2026-05-27T20:25:50.139138,PULSE_2.0,SIGNAL_SILENT,SILENT
2026-05-27T20:25:51.140300,PULSE_2.0,SIGNAL_SILENT,SILENT
2026-05-27T20:25:52.142066,PULSE_2.0,SIGNAL_SILENT,SILENT
2026-05-27T20:25:53.143924,PULSE_2.0,SIGNAL_SILENT,SILENT
2026-05-27T20:25:54.145829,PULSE_2.0,SIGNAL_SILENT,SILENT
2026-05-27T20:25:55.147242,PULSE_2.0,SIGNAL_SILENT,SILENT
2026-05-27T20:25:56.151172,PULSE_2.0,SIGNAL_SILENT,SILENT
2026-05-27T20:25:57.152335,PULSE_2.0,SIGNAL_SILENT,SILENT
2026-05-27T20:25:58.153347,PULSE_2.0,SIGNAL_SILENT,SILENT
2026-05-27T20:25:59.154785,PULSE_2.0,SIGNAL_SILENT,SILENT
2026-05-27T20:26:00.156589,PULSE_2.0,SIGNAL_SILENT,SILENT
2026-05-27T20:26:01.158800,PULSE_2.0,SIGNAL_SILENT,SILENT
2026-05-27T20:26:02.160170,PULSE_2.0,SIGNAL_SILENT,SILENT
2026-05-27T20:26:03.167031,PULSE_2.0,SIGNAL_SILENT,SILENT
2026-05-27T20:26:04.169298,PULSE_2.0,SIGNAL_SILENT,SILENT
2026-05-27T20:26:05.171329,PULSE_2.0,SIGNAL_SILENT,SILENT
2026-05-27T20:26:06.173732,PULSE_2.0,SIGNAL_SILENT,SILENT
2026-05-27T20:26:07.175388,PULSE_2.0,SIGNAL_SILENT,SILENT
2026-05-27T20:26:08.177259,PULSE_2.0,SIGNAL_SILENT,SILENT
2026-05-27T20:26:09.179996,PULSE_2.0,SIGNAL_SILENT,SILENT
2026-05-27T20:26:10.182193,PULSE_2.0,SIGNAL_SILENT,SILENT
2026-05-27T20:26:11.185474,PULSE_2.0,SIGNAL_SILENT,SILENT
2026-05-27T20:26:12.186600,PULSE_2.0,SIGNAL_SILENT,SILENT
2026-05-27T20:26:13.189292,PULSE_2.0,SIGNAL_SILENT,SILENT
2026-05-27T20:26:14.191350,PULSE_2.0,SIGNAL_SILENT,SILENT
2026-05-27T20:26:15.193916,PULSE_2.0,SIGNAL_SILENT,SILENT
2026-05-27T20:26:16.196477,PULSE_2.0,SIGNAL_SILENT,SILENT
2026-05-27T20:26:17.198881,PULSE_2.0,SIGNAL_SILENT,SILENT
2026-05-27T20:26:18.202011,PULSE_2.0,SIGNAL_SILENT,SILENT
2026-05-27T20:26:19.205792,PULSE_2.0,SIGNAL_SILENT,SILENT
2026-05-27T20:26:20.208138,PULSE_2.0,SIGNAL_SILENT,SILENT
2026-05-27T20:26:21.209523,PULSE_2.0,SIGNAL_SILENT,SILENT
2026-05-27T20:26:22.211194,PULSE_2.0,SIGNAL_SILENT,SILENT
2026-05-27T20:26:23.215326,PULSE_2.0,SIGNAL_SILENT,SILENT
2026-05-27T20:26:24.217867,PULSE_2.0,SIGNAL_SILENT,SILENT
2026-05-27T20:26:25.219994,PULSE_2.0,SIGNAL_SILENT,SILENT
2026-05-27T20:26:26.248514,PULSE_2.0,SIGNAL_SILENT,SILENT
2026-05-27T20:26:27.253267,PULSE_2.0,SIGNAL_SILENT,SILENT
2026-05-27T20:26:28.255291,PULSE_2.0,SIGNAL_SILENT,SILENT
2026-05-27T20:26:29.257989,PULSE_2.0,SIGNAL_SILENT,SILENT
2026-05-27T20:26:30.260597,PULSE_2.0,SIGNAL_SILENT,SILENT
2026-05-27T20:26:31.263158,PULSE_2.0,SIGNAL_SILENT,SILENT
2026-05-27T20:26:32.265622,PULSE_2.0,SIGNAL_SILENT,SILENT
2026-05-27T20:26:33.268307,PULSE_2.0,SIGNAL_SILENT,SILENT
2026-05-27T20:26:34.270544,PULSE_2.0,SIGNAL_SILENT,SILENT
2026-05-27T20:26:35.274208,PULSE_2.0,SIGNAL_SILENT,SILENT
2026-05-27T20:26:36.276397,PULSE_2.0,SIGNAL_SILENT,SILENT
2026-05-27T20:26:37.279008,PULSE_2.0,SIGNAL_SILENT,SILENT
2026-05-27T20:26:38.286098,PULSE_2.0,SIGNAL_SILENT,SILENT
2026-05-27T20:26:39.288358,PULSE_2.0,SIGNAL_SILENT,SILENT
2026-05-27T20:26:40.290985,PULSE_2.0,SIGNAL_SILENT,SILENT
2026-05-27T20:26:41.293970,PULSE_2.0,SIGNAL_SILENT,SILENT
2026-05-27T20:26:42.297445,PULSE_2.0,SIGNAL_SILENT,SILENT
2026-05-27T20:26:43.299715,PULSE_2.0,SIGNAL_SILENT,SILENT
2026-05-27T20:26:44.301940,PULSE_2.0,SIGNAL_SILENT,SILENT
2026-05-27T20:26:45.304600,PULSE_2.0,SIGNAL_SILENT,SILENT
2026-05-27T20:26:46.306969,PULSE_2.0,SIGNAL_SILENT,SILENT
2026-05-27T20:26:47.309864,PULSE_2.0,SIGNAL_SILENT,SILENT
2026-05-27T20:26:48.312254,PULSE_2.0,SIGNAL_SILENT,SILENT
2026-05-27T20:26:49.314971,PULSE_2.0,SIGNAL_SILENT,SILENT
2026-05-27T20:26:50.317575,PULSE_2.0,SIGNAL_SILENT,SILENT
2026-05-27T20:26:51.319266,PULSE_2.0,SIGNAL_SILENT,SILENT
2026-05-27T20:26:52.324540,PULSE_2.0,SIGNAL_SILENT,SILENT
2026-05-27T20:26:53.327851,PULSE_2.0,SIGNAL_SILENT,SILENT
2026-05-27T20:26:54.329511,PULSE_2.0,SIGNAL_SILENT,SILENT
2026-05-27T20:26:55.333631,PULSE_2.0,SIGNAL_SILENT,SILENT
2026-05-27T20:26:56.335998,PULSE_2.0,SIGNAL_SILENT,SILENT
2026-05-27T20:26:57.338248,PULSE_2.0,SIGNAL_SILENT,SILENT
2026-05-27T20:26:58.339612,PULSE_2.0,SIGNAL_SILENT,SILENT
2026-05-27T20:26:59.341306,PULSE_2.0,SIGNAL_SILENT,SILENT
2026-05-27T20:27:00.342222,PULSE_2.0,SIGNAL_SILENT,SILENT
2026-05-27T20:27:01.344082,PULSE_2.0,SIGNAL_SILENT,SILENT
2026-05-27T20:27:02.349540,PULSE_2.0,SIGNAL_SILENT,SILENT
2026-05-27T20:27:03.351281,PULSE_2.0,SIGNAL_SILENT,SILENT
2026-05-27T20:27:04.353134,PULSE_2.0,SIGNAL_SILENT,SILENT
2026-05-27T20:27:05.354895,PULSE_2.0,SIGNAL_SILENT,SILENT
2026-05-27T20:27:06.356356,PULSE_2.0,SIGNAL_SILENT,SILENT
2026-05-27T20:27:07.357588,PULSE_2.0,SIGNAL_SILENT,SILENT
2026-05-27T20:27:08.361378,PULSE_2.0,SIGNAL_SILENT,SILENT
2026-05-27T20:27:09.362604,PULSE_2.0,SIGNAL_SILENT,SILENT
2026-05-27T20:27:10.364470,PULSE_2.0,SIGNAL_SILENT,SILENT
2026-05-27T20:27:11.366596,PULSE_2.0,SIGNAL_SILENT,SILENT
2026-05-27T20:27:12.370242,PULSE_2.0,SIGNAL_SILENT,SILENT
2026-05-27T20:27:13.378139,PULSE_2.0,SIGNAL_SILENT,SILENT
2026-05-27T20:27:14.379428,PULSE_2.0,SIGNAL_SILENT,SILENT
2026-05-27T20:27:15.381818,PULSE_2.0,SIGNAL_SILENT,SILENT
2026-05-27T20:27:16.383329,PULSE_2.0,SIGNAL_SILENT,SILENT
2026-05-27T20:27:17.385457,PULSE_2.0,SIGNAL_SILENT,SILENT
2026-05-27T20:27:18.387132,PULSE_2.0,SIGNAL_SILENT,SILENT
2026-05-27T20:27:19.388966,PULSE_2.0,SIGNAL_SILENT,SILENT
2026-05-27T20:27:20.389861,PULSE_2.0,SIGNAL_SILENT,SILENT
2026-05-27T20:27:21.391360,PULSE_2.0,SIGNAL_SILENT,SILENT
2026-05-27T20:27:22.393361,PULSE_2.0,SIGNAL_SILENT,SILENT
2026-05-27T20:27:23.394574,PULSE_2.0,SIGNAL_SILENT,SILENT
2026-05-27T20:27:24.397823,PULSE_2.0,SIGNAL_SILENT,SILENT
2026-05-27T20:27:25.399298,PULSE_2.0,SIGNAL_SILENT,SILENT
2026-05-27T20:27:26.401655,PULSE_2.0,SIGNAL_SILENT,SILENT
2026-05-27T20:27:27.404305,PULSE_2.0,SIGNAL_SILENT,SILENT
2026-05-27T20:27:28.406612,PULSE_2.0,SIGNAL_SILENT,SILENT
2026-05-27T20:27:29.408117,PULSE_2.0,SIGNAL_SILENT,SILENT
2026-05-27T20:27:30.409719,PULSE_2.0,SIGNAL_SILENT,SILENT
2026-05-27T20:27:31.411587,PULSE_2.0,SIGNAL_SILENT,SILENT
2026-05-27T20:27:32.413250,PULSE_2.0,SIGNAL_SILENT,SILENT
2026-05-27T20:27:33.415797,PULSE_2.0,SIGNAL_SILENT,SILENT
2026-05-27T20:27:34.417673,PULSE_2.0,SIGNAL_SILENT,SILENT
2026-05-27T20:27:35.419792,PULSE_2.0,SIGNAL_SILENT,SILENT
2026-05-27T20:27:36.423632,PULSE_2.0,SIGNAL_SILENT,SILENT
2026-05-27T20:27:37.425110,PULSE_2.0,SIGNAL_SILENT,SILENT
2026-05-27T20:27:38.426542,PULSE_2.0,SIGNAL_SILENT,SILENT
2026-05-27T20:27:39.429106,PULSE_2.0,SIGNAL_SILENT,SILENT
2026-05-27T20:27:40.430358,PULSE_2.0,SIGNAL_SILENT,SILENT
2026-05-27T20:27:41.433065,PULSE_2.0,SIGNAL_SILENT,SILENT
2026-05-27T20:27:42.433921,PULSE_2.0,SIGNAL_SILENT,SILENT
2026-05-27T20:27:43.441210,PULSE_2.0,SIGNAL_SILENT,SILENT
2026-05-27T20:27:44.442669,PULSE_2.0,SIGNAL_SILENT,SILENT
2026-05-27T20:27:45.444351,PULSE_2.0,SIGNAL_SILENT,SILENT
2026-05-27T20:27:46.446258,PULSE_2.0,SIGNAL_SILENT,SILENT
2026-05-27T20:27:47.448300,PULSE_2.0,SIGNAL_SILENT,SILENT
2026-05-27T20:27:48.450444,PULSE_2.0,SIGNAL_SILENT,SILENT
2026-05-27T20:27:49.452294,PULSE_2.0,SIGNAL_SILENT,SILENT
2026-05-27T20:27:50.453923,PULSE_2.0,SIGNAL_SILENT,SILENT
2026-05-27T20:27:51.455765,PULSE_2.0,SIGNAL_SILENT,SILENT
2026-05-27T20:27:52.457703,PULSE_2.0,SIGNAL_SILENT,SILENT
2026-05-27T20:27:53.462081,PULSE_2.0,SIGNAL_SILENT,SILENT
2026-05-27T20:27:54.465020,PULSE_2.0,SIGNAL_SILENT,SILENT
2026-05-27T20:27:55.466852,PULSE_2.0,SIGNAL_SILENT,SILENT
2026-05-27T20:27:56.468547,PULSE_2.0,SIGNAL_SILENT,SILENT
2026-05-27T20:27:57.470198,PULSE_2.0,SIGNAL_SILENT,SILENT
2026-05-27T20:27:58.472378,PULSE_2.0,SIGNAL_SILENT,SILENT
2026-05-27T20:27:59.474760,PULSE_2.0,SIGNAL_SILENT,SILENT
2026-05-27T20:28:00.476985,PULSE_2.0,SIGNAL_SILENT,SILENT
2026-05-27T20:28:01.478091,PULSE_2.0,SIGNAL_SILENT,SILENT
2026-05-27T20:28:02.479816,PULSE_2.0,SIGNAL_SILENT,SILENT
2026-05-27T20:28:03.482003,PULSE_2.0,SIGNAL_SILENT,SILENT
2026-05-27T20:28:04.485664,PULSE_2.0,SIGNAL_SILENT,SILENT
2026-05-27T20:28:05.488616,PULSE_2.0,SIGNAL_SILENT,SILENT
2026-05-27T20:28:06.491708,PULSE_2.0,SIGNAL_SILENT,SILENT
2026-05-27T20:28:07.493975,PULSE_2.0,SIGNAL_SILENT,SILENT
2026-05-27T20:28:08.497155,PULSE_2.0,SIGNAL_SILENT,SILENT
2026-05-27T20:28:09.500363,PULSE_2.0,SIGNAL_SILENT,SILENT
2026-05-27T20:28:10.502810,PULSE_2.0,SIGNAL_SILENT,SILENT
2026-05-27T20:28:11.506083,PULSE_2.0,SIGNAL_SILENT,SILENT
2026-05-27T20:28:12.512242,PULSE_2.0,SIGNAL_SILENT,SILENT
2026-05-27T20:28:13.515698,PULSE_2.0,SIGNAL_SILENT,SILENT
2026-05-27T20:28:14.518842,PULSE_2.0,SIGNAL_SILENT,SILENT
2026-05-27T20:28:15.521807,PULSE_2.0,SIGNAL_SILENT,SILENT
2026-05-27T20:28:16.525775,PULSE_2.0,SIGNAL_SILENT,SILENT
2026-05-27T20:28:17.528494,PULSE_2.0,SIGNAL_SILENT,SILENT
2026-05-27T20:28:18.530794,PULSE_2.0,SIGNAL_SILENT,SILENT
2026-05-27T20:28:19.532483,PULSE_2.0,SIGNAL_SILENT,SILENT
2026-05-27T20:28:20.535899,PULSE_2.0,SIGNAL_SILENT,SILENT
2026-05-27T20:28:21.538309,PULSE_2.0,SIGNAL_SILENT,SILENT
2026-05-27T20:28:22.539726,PULSE_2.0,SIGNAL_SILENT,SILENT
2026-05-27T20:28:23.542154,PULSE_2.0,SIGNAL_SILENT,SILENT
2026-05-27T20:28:24.544053,PULSE_2.0,SIGNAL_SILENT,SILENT
2026-05-27T20:28:25.545547,PULSE_2.0,SIGNAL_SILENT,SILENT
2026-05-27T20:28:26.547462,PULSE_2.0,SIGNAL_SILENT,SILENT
2026-05-27T20:28:27.549270,PULSE_2.0,SIGNAL_SILENT,SILENT
2026-05-27T20:28:28.552018,PULSE_2.0,SIGNAL_SILENT,SILENT
2026-05-27T20:28:29.555759,PULSE_2.0,SIGNAL_SILENT,SILENT
2026-05-27T20:28:30.558690,PULSE_2.0,SIGNAL_SILENT,SILENT
2026-05-27T20:28:31.560311,PULSE_2.0,SIGNAL_SILENT,SILENT
2026-05-27T20:28:32.562279,PULSE_2.0,SIGNAL_SILENT,SILENT
2026-05-27T20:28:33.565497,PULSE_2.0,SIGNAL_SILENT,SILENT
2026-05-27T20:28:34.567657,PULSE_2.0,SIGNAL_SILENT,SILENT
2026-05-27T20:28:35.569756,PULSE_2.0,SIGNAL_SILENT,SILENT
2026-05-27T20:28:36.572494,PULSE_2.0,SIGNAL_SILENT,SILENT
2026-05-27T20:28:37.575203,PULSE_2.0,SIGNAL_SILENT,SILENT
2026-05-27T20:28:38.577808,PULSE_2.0,SIGNAL_SILENT,SILENT
2026-05-27T20:28:39.581501,PULSE_2.0,SIGNAL_SILENT,SILENT
2026-05-27T20:28:40.584290,PULSE_2.0,SIGNAL_SILENT,SILENT
2026-05-27T20:28:41.587549,PULSE_2.0,SIGNAL_SILENT,SILENT
2026-05-27T20:28:42.590251,PULSE_2.0,SIGNAL_SILENT,SILENT
2026-05-27T20:28:43.593451,PULSE_2.0,SIGNAL_SILENT,SILENT
2026-05-27T20:28:44.595739,PULSE_2.0,SIGNAL_SILENT,SILENT
2026-05-27T20:28:45.597779,PULSE_2.0,SIGNAL_SILENT,SILENT
2026-05-27T20:28:46.600051,PULSE_2.0,SIGNAL_SILENT,SILENT
2026-05-27T20:28:47.601970,PULSE_2.0,SIGNAL_SILENT,SILENT
2026-05-27T20:28:48.605405,PULSE_2.0,SIGNAL_SILENT,SILENT
2026-05-27T20:28:49.606957,PULSE_2.0,SIGNAL_SILENT,SILENT
2026-05-27T20:28:50.608503,PULSE_2.0,SIGNAL_SILENT,SILENT
2026-05-27T20:28:51.610781,PULSE_2.0,SIGNAL_SILENT,SILENT
2026-05-27T20:28:52.612484,PULSE_2.0,SIGNAL_SILENT,SILENT
2026-05-27T20:28:53.615135,PULSE_2.0,SIGNAL_SILENT,SILENT
2026-05-27T20:28:54.617486,PULSE_2.0,SIGNAL_SILENT,SILENT
2026-05-27T20:28:55.620411,PULSE_2.0,SIGNAL_SILENT,SILENT
2026-05-27T20:28:56.623445,PULSE_2.0,SIGNAL_SILENT,SILENT
2026-05-27T20:28:57.625701,PULSE_2.0,SIGNAL_SILENT,SILENT
2026-05-27T20:28:58.628215,PULSE_2.0,SIGNAL_SILENT,SILENT
2026-05-27T20:28:59.632443,PULSE_2.0,SIGNAL_SILENT,SILENT
2026-05-27T20:29:00.635456,PULSE_2.0,SIGNAL_SILENT,SILENT
2026-05-27T20:29:01.637563,PULSE_2.0,SIGNAL_SILENT,SILENT
2026-05-27T20:29:02.640220,PULSE_2.0,SIGNAL_SILENT,SILENT
2026-05-27T20:29:03.643439,PULSE_2.0,SIGNAL_SILENT,SILENT
2026-05-27T20:29:04.645705,PULSE_2.0,SIGNAL_SILENT,SILENT
2026-05-27T20:29:05.648317,PULSE_2.0,SIGNAL_SILENT,SILENT
2026-05-27T20:29:06.651175,PULSE_2.0,SIGNAL_SILENT,SILENT
2026-05-27T20:29:07.653448,PULSE_2.0,SIGNAL_SILENT,SILENT
2026-05-27T20:29:08.655937,PULSE_2.0,SIGNAL_SILENT,SILENT
2026-05-27T20:29:09.657563,PULSE_2.0,SIGNAL_SILENT,SILENT
2026-05-27T20:29:10.659736,PULSE_2.0,SIGNAL_SILENT,SILENT
2026-05-27T20:29:11.662549,PULSE_2.0,SIGNAL_SILENT,SILENT
2026-05-27T20:29:12.664594,PULSE_2.0,SIGNAL_SILENT,SILENT
2026-05-27T20:29:13.666543,PULSE_2.0,SIGNAL_SILENT,SILENT
2026-05-27T20:29:14.669458,PULSE_2.0,SIGNAL_SILENT,SILENT
2026-05-27T20:29:15.671495,PULSE_2.0,SIGNAL_SILENT,SILENT
2026-05-27T20:29:16.672472,PULSE_2.0,SIGNAL_SILENT,SILENT
2026-05-27T20:29:17.676047,PULSE_2.0,SIGNAL_SILENT,SILENT
2026-05-27T20:29:18.678671,PULSE_2.0,SIGNAL_SILENT,SILENT
2026-05-27T20:29:19.681330,PULSE_2.0,SIGNAL_SILENT,SILENT
2026-05-27T20:29:20.684122,PULSE_2.0,SIGNAL_SILENT,SILENT
2026-05-27T20:29:21.686771,PULSE_2.0,SIGNAL_SILENT,SILENT
2026-05-27T20:29:22.689399,PULSE_2.0,SIGNAL_SILENT,SILENT
2026-05-27T20:29:23.691833,PULSE_2.0,SIGNAL_SILENT,SILENT
2026-05-27T20:29:24.694028,PULSE_2.0,SIGNAL_SILENT,SILENT
2026-05-27T20:29:25.696375,PULSE_2.0,SIGNAL_SILENT,SILENT
2026-05-27T20:29:26.698574,PULSE_2.0,SIGNAL_SILENT,SILENT
2026-05-27T20:29:27.700397,PULSE_2.0,SIGNAL_SILENT,SILENT
2026-05-27T20:29:28.703083,PULSE_2.0,SIGNAL_SILENT,SILENT
2026-05-27T20:29:29.705919,PULSE_2.0,SIGNAL_SILENT,SILENT
2026-05-27T20:29:30.709790,PULSE_2.0,SIGNAL_SILENT,SILENT
2026-05-27T20:29:31.712220,PULSE_2.0,SIGNAL_SILENT,SILENT
2026-05-27T20:29:32.713200,PULSE_2.0,SIGNAL_SILENT,SILENT
2026-05-27T20:29:33.714321,PULSE_2.0,SIGNAL_SILENT,SILENT
2026-05-27T20:29:34.715972,PULSE_2.0,SIGNAL_SILENT,SILENT
2026-05-27T20:29:35.717613,PULSE_2.0,SIGNAL_SILENT,SILENT
2026-05-27T20:29:36.719099,PULSE_2.0,SIGNAL_SILENT,SILENT
2026-05-27T20:29:37.721404,PULSE_2.0,SIGNAL_SILENT,SILENT
2026-05-27T20:29:38.723097,PULSE_2.0,SIGNAL_SILENT,SILENT
2026-05-27T20:29:39.726154,PULSE_2.0,SIGNAL_SILENT,SILENT
2026-05-27T20:29:40.728413,PULSE_2.0,SIGNAL_SILENT,SILENT
2026-05-27T20:29:41.734143,PULSE_2.0,SIGNAL_SILENT,SILENT
2026-05-27T20:29:42.737652,PULSE_2.0,SIGNAL_SILENT,SILENT
2026-05-27T20:29:43.740410,PULSE_2.0,SIGNAL_SILENT,SILENT
2026-05-27T20:29:44.745122,PULSE_2.0,SIGNAL_SILENT,SILENT
2026-05-27T20:29:45.748539,PULSE_2.0,SIGNAL_SILENT,SILENT
2026-05-27T20:29:46.750202,PULSE_2.0,SIGNAL_SILENT,SILENT
2026-05-27T20:29:47.752269,PULSE_2.0,SIGNAL_SILENT,SILENT
2026-05-27T20:29:48.754446,PULSE_2.0,SIGNAL_SILENT,SILENT
2026-05-27T20:29:49.755628,PULSE_2.0,SIGNAL_SILENT,SILENT
2026-05-27T20:29:50.757834,PULSE_2.0,SIGNAL_SILENT,SILENT
2026-05-27T20:29:51.760033,PULSE_2.0,SIGNAL_SILENT,SILENT
2026-05-27T20:29:52.762167,PULSE_2.0,SIGNAL_SILENT,SILENT
2026-05-27T20:29:53.765574,PULSE_2.0,SIGNAL_SILENT,SILENT
2026-05-27T20:29:54.767676,PULSE_2.0,SIGNAL_SILENT,SILENT
2026-05-27T20:29:55.769815,PULSE_2.0,SIGNAL_SILENT,SILENT
2026-05-27T20:29:56.772129,PULSE_2.0,SIGNAL_SILENT,SILENT
2026-05-27T20:29:57.774569,PULSE_2.0,SIGNAL_SILENT,SILENT
2026-05-27T20:29:58.777935,PULSE_2.0,SIGNAL_SILENT,SILENT
2026-05-27T20:29:59.781268,PULSE_2.0,SIGNAL_SILENT,SILENT
2026-05-27T20:30:00.783018,PULSE_2.0,SIGNAL_SILENT,SILENT
2026-05-27T20:30:01.785924,PULSE_2.0,SIGNAL_SILENT,SILENT
2026-05-27T20:30:02.787809,PULSE_2.0,SIGNAL_SILENT,SILENT
2026-05-27T20:30:03.789735,PULSE_2.0,SIGNAL_SILENT,SILENT
2026-05-27T20:30:04.792113,PULSE_2.0,SIGNAL_SILENT,SILENT
2026-05-27T20:30:05.794679,PULSE_2.0,SIGNAL_SILENT,SILENT
2026-05-27T20:30:06.796597,PULSE_2.0,SIGNAL_SILENT,SILENT
2026-05-27T20:30:07.800052,PULSE_2.0,SIGNAL_SILENT,SILENT
2026-05-27T20:30:08.802690,PULSE_2.0,SIGNAL_SILENT,SILENT
2026-05-27T20:30:09.805889,PULSE_2.0,SIGNAL_SILENT,SILENT
2026-05-27T20:30:10.809820,PULSE_2.0,SIGNAL_SILENT,SILENT
2026-05-27T20:30:11.813538,PULSE_2.0,SIGNAL_SILENT,SILENT
2026-05-27T20:30:12.815490,PULSE_2.0,SIGNAL_SILENT,SILENT
2026-05-27T20:30:13.817621,PULSE_2.0,SIGNAL_SILENT,SILENT
2026-05-27T20:30:14.819780,PULSE_2.0,SIGNAL_SILENT,SILENT
2026-05-27T20:30:15.821673,PULSE_2.0,SIGNAL_SILENT,SILENT
2026-05-27T20:30:16.824055,PULSE_2.0,SIGNAL_SILENT,SILENT
2026-05-27T20:30:17.825605,PULSE_2.0,SIGNAL_SILENT,SILENT
2026-05-27T20:30:18.827705,PULSE_2.0,SIGNAL_SILENT,SILENT
2026-05-27T20:30:19.829760,PULSE_2.0,SIGNAL_SILENT,SILENT
2026-05-27T20:30:20.831496,PULSE_2.0,SIGNAL_SILENT,SILENT
2026-05-27T20:30:21.833727,PULSE_2.0,SIGNAL_SILENT,SILENT
2026-05-27T20:30:22.835936,PULSE_2.0,SIGNAL_SILENT,SILENT
2026-05-27T20:30:23.837377,PULSE_2.0,SIGNAL_SILENT,SILENT
2026-05-27T20:30:24.838813,PULSE_2.0,SIGNAL_SILENT,SILENT
2026-05-27T20:30:25.840438,PULSE_2.0,SIGNAL_SILENT,SILENT
2026-05-27T20:30:26.842807,PULSE_2.0,SIGNAL_SILENT,SILENT
2026-05-27T20:30:27.845913,PULSE_2.0,SIGNAL_SILENT,SILENT
2026-05-27T20:30:28.849051,PULSE_2.0,SIGNAL_SILENT,SILENT
2026-05-27T20:30:29.857972,PULSE_2.0,SIGNAL_SILENT,SILENT
2026-05-27T20:30:30.859918,PULSE_2.0,SIGNAL_SILENT,SILENT
2026-05-27T20:30:31.863128,PULSE_2.0,SIGNAL_SILENT,SILENT
2026-05-27T20:30:32.866193,PULSE_2.0,SIGNAL_SILENT,SILENT
2026-05-27T20:30:33.869147,PULSE_2.0,SIGNAL_SILENT,SILENT
2026-05-27T20:30:34.871552,PULSE_2.0,SIGNAL_SILENT,SILENT
2026-05-27T20:30:35.873692,PULSE_2.0,SIGNAL_SILENT,SILENT
2026-05-27T20:30:36.876238,PULSE_2.0,SIGNAL_SILENT,SILENT
2026-05-27T20:30:37.878298,PULSE_2.0,SIGNAL_SILENT,SILENT
2026-05-27T20:30:38.881300,PULSE_2.0,SIGNAL_SILENT,SILENT
2026-05-27T20:30:39.884034,PULSE_2.0,SIGNAL_SILENT,SILENT
2026-05-27T20:30:40.886824,PULSE_2.0,SIGNAL_SILENT,SILENT
2026-05-27T20:30:41.890160,PULSE_2.0,SIGNAL_SILENT,SILENT
2026-05-27T20:30:42.893622,PULSE_2.0,SIGNAL_SILENT,SILENT
2026-05-27T20:30:43.896455,PULSE_2.0,SIGNAL_SILENT,SILENT
2026-05-27T20:30:44.899713,PULSE_2.0,SIGNAL_SILENT,SILENT
2026-05-27T20:30:45.901765,PULSE_2.0,SIGNAL_SILENT,SILENT
2026-05-27T20:30:46.905326,PULSE_2.0,SIGNAL_SILENT,SILENT
2026-05-27T20:30:47.908326,PULSE_2.0,SIGNAL_SILENT,SILENT
2026-05-27T20:30:48.910790,PULSE_2.0,SIGNAL_SILENT,SILENT
2026-05-27T20:30:49.912361,PULSE_2.0,SIGNAL_SILENT,SILENT
2026-05-27T20:30:50.914652,PULSE_2.0,SIGNAL_SILENT,SILENT
2026-05-27T20:30:51.917123,PULSE_2.0,SIGNAL_SILENT,SILENT
2026-05-27T20:30:52.919297,PULSE_2.0,SIGNAL_SILENT,SILENT
2026-05-27T20:30:53.922085,PULSE_2.0,SIGNAL_SILENT,SILENT
2026-05-27T20:30:54.925471,PULSE_2.0,SIGNAL_SILENT,SILENT
2026-05-27T20:30:55.927891,PULSE_2.0,SIGNAL_SILENT,SILENT
2026-05-27T20:30:56.929692,PULSE_2.0,SIGNAL_SILENT,SILENT
2026-05-27T20:30:57.932367,PULSE_2.0,SIGNAL_SILENT,SILENT
2026-05-27T20:30:58.936155,PULSE_2.0,SIGNAL_SILENT,SILENT
2026-05-27T20:30:59.939477,PULSE_2.0,SIGNAL_SILENT,SILENT
2026-05-27T20:31:00.941953,PULSE_2.0,SIGNAL_SILENT,SILENT
2026-05-27T20:31:01.944567,PULSE_2.0,SIGNAL_SILENT,SILENT
2026-05-27T20:31:02.947916,PULSE_2.0,SIGNAL_SILENT,SILENT
2026-05-27T20:31:03.950950,PULSE_2.0,SIGNAL_SILENT,SILENT
2026-05-27T20:31:04.953615,PULSE_2.0,SIGNAL_SILENT,SILENT
2026-05-27T20:31:05.957378,PULSE_2.0,SIGNAL_SILENT,SILENT
2026-05-27T20:31:06.959154,PULSE_2.0,SIGNAL_SILENT,SILENT
2026-05-27T20:31:07.962560,PULSE_2.0,SIGNAL_SILENT,SILENT
2026-05-27T20:31:08.965130,PULSE_2.0,SIGNAL_SILENT,SILENT
2026-05-27T20:31:09.967279,PULSE_2.0,SIGNAL_SILENT,SILENT
2026-05-27T20:31:10.969712,PULSE_2.0,SIGNAL_SILENT,SILENT
2026-05-27T20:31:11.971989,PULSE_2.0,SIGNAL_SILENT,SILENT
2026-05-27T20:31:12.973698,PULSE_2.0,SIGNAL_SILENT,SILENT
2026-05-27T20:31:13.977610,PULSE_2.0,SIGNAL_SILENT,SILENT
2026-05-27T20:31:14.981461,PULSE_2.0,SIGNAL_SILENT,SILENT
2026-05-27T20:31:15.982930,PULSE_2.0,SIGNAL_SILENT,SILENT
2026-05-27T20:31:16.985660,PULSE_2.0,SIGNAL_SILENT,SILENT
2026-05-27T20:31:17.989367,PULSE_2.0,SIGNAL_SILENT,SILENT
2026-05-27T20:31:18.991707,PULSE_2.0,SIGNAL_SILENT,SILENT
2026-05-27T20:31:19.994691,PULSE_2.0,SIGNAL_SILENT,SILENT
2026-05-27T20:31:20.997773,PULSE_2.0,SIGNAL_SILENT,SILENT
2026-05-27T20:31:22.000464,PULSE_2.0,SIGNAL_SILENT,SILENT
2026-05-27T20:31:23.004078,PULSE_2.0,SIGNAL_SILENT,SILENT
2026-05-27T20:31:24.005787,PULSE_2.0,SIGNAL_SILENT,SILENT
2026-05-27T20:31:25.008548,PULSE_2.0,SIGNAL_SILENT,SILENT
2026-05-27T20:31:26.011914,PULSE_2.0,SIGNAL_SILENT,SILENT
2026-05-27T20:31:27.013793,PULSE_2.0,SIGNAL_SILENT,SILENT
2026-05-27T20:31:28.016179,PULSE_2.0,SIGNAL_SILENT,SILENT
2026-05-27T20:31:29.020148,PULSE_2.0,SIGNAL_SILENT,SILENT
2026-05-27T20:31:30.023480,PULSE_2.0,SIGNAL_SILENT,SILENT
2026-05-27T20:31:31.025401,PULSE_2.0,SIGNAL_SILENT,SILENT
2026-05-27T20:31:32.027014,PULSE_2.0,SIGNAL_SILENT,SILENT
2026-05-27T20:31:33.030349,PULSE_2.0,SIGNAL_SILENT,SILENT
2026-05-27T20:31:34.033588,PULSE_2.0,SIGNAL_SILENT,SILENT
2026-05-27T20:31:35.036594,PULSE_2.0,SIGNAL_SILENT,SILENT
2026-05-27T20:31:36.039442,PULSE_2.0,SIGNAL_SILENT,SILENT
2026-05-27T20:31:37.042026,PULSE_2.0,SIGNAL_SILENT,SILENT
2026-05-27T20:31:38.044346,PULSE_2.0,SIGNAL_SILENT,SILENT
2026-05-27T20:31:39.048234,PULSE_2.0,SIGNAL_SILENT,SILENT
2026-05-27T20:31:40.050759,PULSE_2.0,SIGNAL_SILENT,SILENT
2026-05-27T20:31:41.053244,PULSE_2.0,SIGNAL_SILENT,SILENT
2026-05-27T20:31:42.055864,PULSE_2.0,SIGNAL_SILENT,SILENT
2026-05-27T20:31:43.058935,PULSE_2.0,SIGNAL_SILENT,SILENT
2026-05-27T20:31:44.061948,PULSE_2.0,SIGNAL_SILENT,SILENT
2026-05-27T20:31:45.063992,PULSE_2.0,SIGNAL_SILENT,SILENT
2026-05-27T20:31:46.066072,PULSE_2.0,SIGNAL_SILENT,SILENT
2026-05-27T20:31:47.068410,PULSE_2.0,SIGNAL_SILENT,SILENT
2026-05-27T20:31:48.070345,PULSE_2.0,SIGNAL_SILENT,SILENT
2026-05-27T20:31:49.073742,PULSE_2.0,SIGNAL_SILENT,SILENT
2026-05-27T20:31:50.077444,PULSE_2.0,SIGNAL_SILENT,SILENT
2026-05-27T20:31:51.080346,PULSE_2.0,SIGNAL_SILENT,SILENT
2026-05-27T20:31:52.082780,PULSE_2.0,SIGNAL_SILENT,SILENT
2026-05-27T20:31:53.085976,PULSE_2.0,SIGNAL_SILENT,SILENT
2026-05-27T20:31:54.088382,PULSE_2.0,SIGNAL_SILENT,SILENT
2026-05-27T20:31:55.091088,PULSE_2.0,SIGNAL_SILENT,SILENT
2026-05-27T20:31:56.093138,PULSE_2.0,SIGNAL_SILENT,SILENT
2026-05-27T20:31:57.095686,PULSE_2.0,SIGNAL_SILENT,SILENT
2026-05-27T20:31:58.097912,PULSE_2.0,SIGNAL_SILENT,SILENT
2026-05-27T20:31:59.101634,PULSE_2.0,SIGNAL_SILENT,SILENT
2026-05-27T20:32:00.103383,PULSE_2.0,SIGNAL_SILENT,SILENT
2026-05-27T20:32:01.104355,PULSE_2.0,SIGNAL_SILENT,SILENT
2026-05-27T20:32:02.105989,PULSE_2.0,SIGNAL_SILENT,SILENT
2026-05-27T20:32:03.109251,PULSE_2.0,SIGNAL_SILENT,SILENT
2026-05-27T20:32:04.112621,PULSE_2.0,SIGNAL_SILENT,SILENT
2026-05-27T20:32:05.115578,PULSE_2.0,SIGNAL_SILENT,SILENT
2026-05-27T20:32:06.117417,PULSE_2.0,SIGNAL_SILENT,SILENT
2026-05-27T20:32:07.118772,PULSE_2.0,SIGNAL_SILENT,SILENT
2026-05-27T20:32:08.121185,PULSE_2.0,SIGNAL_SILENT,SILENT
2026-05-27T20:32:09.123776,PULSE_2.0,SIGNAL_SILENT,SILENT
2026-05-27T20:32:10.126509,PULSE_2.0,SIGNAL_SILENT,SILENT
2026-05-27T20:32:11.128462,PULSE_2.0,SIGNAL_SILENT,SILENT
2026-05-27T20:32:12.132151,PULSE_2.0,SIGNAL_SILENT,SILENT
2026-05-27T20:32:13.133732,PULSE_2.0,SIGNAL_SILENT,SILENT
2026-05-27T20:32:14.135946,PULSE_2.0,SIGNAL_SILENT,SILENT
2026-05-27T20:32:15.137470,PULSE_2.0,SIGNAL_SILENT,SILENT
2026-05-27T20:32:16.139276,PULSE_2.0,SIGNAL_SILENT,SILENT
2026-05-27T20:32:17.141560,PULSE_2.0,SIGNAL_SILENT,SILENT
2026-05-27T20:32:18.144297,PULSE_2.0,SIGNAL_SILENT,SILENT
2026-05-27T20:32:19.148215,PULSE_2.0,SIGNAL_SILENT,SILENT
2026-05-27T20:32:20.149797,PULSE_2.0,SIGNAL_SILENT,SILENT
2026-05-27T20:32:21.151478,PULSE_2.0,SIGNAL_SILENT,SILENT
2026-05-27T20:32:22.153686,PULSE_2.0,SIGNAL_SILENT,SILENT
2026-05-27T20:32:23.155745,PULSE_2.0,SIGNAL_SILENT,SILENT
2026-05-27T20:32:24.158045,PULSE_2.0,SIGNAL_SILENT,SILENT
2026-05-27T20:32:25.159582,PULSE_2.0,SIGNAL_SILENT,SILENT
2026-05-27T20:32:26.162486,PULSE_2.0,SIGNAL_SILENT,SILENT
2026-05-27T20:32:27.164213,PULSE_2.0,SIGNAL_SILENT,SILENT
2026-05-27T20:32:28.167851,PULSE_2.0,SIGNAL_SILENT,SILENT
2026-05-27T20:32:29.170631,PULSE_2.0,SIGNAL_SILENT,SILENT
2026-05-27T20:32:30.173659,PULSE_2.0,SIGNAL_SILENT,SILENT
2026-05-27T20:32:31.174985,PULSE_2.0,SIGNAL_SILENT,SILENT
2026-05-27T20:32:32.176549,PULSE_2.0,SIGNAL_SILENT,SILENT
2026-05-27T20:32:33.179495,PULSE_2.0,SIGNAL_SILENT,SILENT
2026-05-27T20:32:34.182100,PULSE_2.0,SIGNAL_SILENT,SILENT
2026-05-27T20:32:35.185384,PULSE_2.0,SIGNAL_SILENT,SILENT
2026-05-27T20:32:36.187129,PULSE_2.0,SIGNAL_SILENT,SILENT
2026-05-27T20:32:37.190275,PULSE_2.0,SIGNAL_SILENT,SILENT
2026-05-27T20:32:38.193022,PULSE_2.0,SIGNAL_SILENT,SILENT
2026-05-27T20:32:39.195687,PULSE_2.0,SIGNAL_SILENT,SILENT
2026-05-27T20:32:40.198453,PULSE_2.0,SIGNAL_SILENT,SILENT
2026-05-27T20:32:41.200180,PULSE_2.0,SIGNAL_SILENT,SILENT
2026-05-27T20:32:42.202843,PULSE_2.0,SIGNAL_SILENT,SILENT
2026-05-27T20:32:43.205218,PULSE_2.0,SIGNAL_SILENT,SILENT
2026-05-27T20:32:44.207342,PULSE_2.0,SIGNAL_SILENT,SILENT
2026-05-27T20:32:45.210165,PULSE_2.0,SIGNAL_SILENT,SILENT
2026-05-27T20:32:46.213550,PULSE_2.0,SIGNAL_SILENT,SILENT
2026-05-27T20:32:47.215076,PULSE_2.0,SIGNAL_SILENT,SILENT
2026-05-27T20:32:48.217955,PULSE_2.0,SIGNAL_SILENT,SILENT
2026-05-27T20:32:49.220570,PULSE_2.0,SIGNAL_SILENT,SILENT
2026-05-27T20:32:50.222596,PULSE_2.0,SIGNAL_SILENT,SILENT
2026-05-27T20:32:51.224272,PULSE_2.0,SIGNAL_SILENT,SILENT
2026-05-27T20:32:52.225910,PULSE_2.0,SIGNAL_SILENT,SILENT
2026-05-27T20:32:53.227648,PULSE_2.0,SIGNAL_SILENT,SILENT
2026-05-27T20:32:54.229860,PULSE_2.0,SIGNAL_SILENT,SILENT
2026-05-27T20:32:55.232488,PULSE_2.0,SIGNAL_SILENT,SILENT
2026-05-27T20:32:56.234770,PULSE_2.0,SIGNAL_SILENT,SILENT
2026-05-27T20:32:57.236397,PULSE_2.0,SIGNAL_SILENT,SILENT
2026-05-27T20:32:58.238592,PULSE_2.0,SIGNAL_SILENT,SILENT
2026-05-27T20:32:59.241445,PULSE_2.0,SIGNAL_SILENT,SILENT
2026-05-27T20:33:00.243852,PULSE_2.0,SIGNAL_SILENT,SILENT
2026-05-27T20:33:01.246557,PULSE_2.0,SIGNAL_SILENT,SILENT
2026-05-27T20:33:02.249379,PULSE_2.0,SIGNAL_SILENT,SILENT
2026-05-27T20:33:03.252260,PULSE_2.0,SIGNAL_SILENT,SILENT
2026-05-27T20:33:04.255480,PULSE_2.0,SIGNAL_SILENT,SILENT
2026-05-27T20:33:05.257509,PULSE_2.0,SIGNAL_SILENT,SILENT
2026-05-27T20:33:06.259567,PULSE_2.0,SIGNAL_SILENT,SILENT
2026-05-27T20:33:07.262174,PULSE_2.0,SIGNAL_SILENT,SILENT
2026-05-27T20:33:08.264562,PULSE_2.0,SIGNAL_SILENT,SILENT
2026-05-27T20:33:09.269689,PULSE_2.0,SIGNAL_SILENT,SILENT
2026-05-27T20:33:10.272411,PULSE_2.0,SIGNAL_SILENT,SILENT
2026-05-27T20:33:11.274346,PULSE_2.0,SIGNAL_SILENT,SILENT
2026-05-27T20:33:12.276052,PULSE_2.0,SIGNAL_SILENT,SILENT
2026-05-27T20:33:13.278023,PULSE_2.0,SIGNAL_SILENT,SILENT
2026-05-27T20:33:14.279676,PULSE_2.0,SIGNAL_SILENT,SILENT
2026-05-27T20:33:15.281550,PULSE_2.0,SIGNAL_SILENT,SILENT
2026-05-27T20:33:16.283643,PULSE_2.0,SIGNAL_SILENT,SILENT
2026-05-27T20:33:17.285299,PULSE_2.0,SIGNAL_SILENT,SILENT
2026-05-27T20:33:18.287056,PULSE_2.0,SIGNAL_SILENT,SILENT
2026-05-27T20:33:19.290021,PULSE_2.0,SIGNAL_SILENT,SILENT
2026-05-27T20:33:20.293377,PULSE_2.0,SIGNAL_SILENT,SILENT
2026-05-27T20:33:21.294959,PULSE_2.0,SIGNAL_SILENT,SILENT
2026-05-27T20:33:22.297712,PULSE_2.0,SIGNAL_SILENT,SILENT
2026-05-27T20:33:23.300210,PULSE_2.0,SIGNAL_SILENT,SILENT
2026-05-27T20:33:24.302845,PULSE_2.0,SIGNAL_SILENT,SILENT
2026-05-27T20:33:25.305843,PULSE_2.0,SIGNAL_SILENT,SILENT
2026-05-27T20:33:26.310163,PULSE_2.0,SIGNAL_SILENT,SILENT
2026-05-27T20:33:27.313290,PULSE_2.0,SIGNAL_SILENT,SILENT
2026-05-27T20:33:28.316199,PULSE_2.0,SIGNAL_SILENT,SILENT
2026-05-27T20:33:29.319083,PULSE_2.0,SIGNAL_SILENT,SILENT
2026-05-27T20:33:30.322164,PULSE_2.0,SIGNAL_SILENT,SILENT
2026-05-27T20:33:31.323879,PULSE_2.0,SIGNAL_SILENT,SILENT
2026-05-27T20:33:32.326717,PULSE_2.0,SIGNAL_SILENT,SILENT
2026-05-27T20:33:33.330122,PULSE_2.0,SIGNAL_SILENT,SILENT
2026-05-27T20:33:34.333349,PULSE_2.0,SIGNAL_SILENT,SILENT
2026-05-27T20:33:35.336153,PULSE_2.0,SIGNAL_SILENT,SILENT
2026-05-27T20:33:36.338784,PULSE_2.0,SIGNAL_SILENT,SILENT
2026-05-27T20:33:37.341818,PULSE_2.0,SIGNAL_SILENT,SILENT
2026-05-27T20:33:38.345971,PULSE_2.0,SIGNAL_SILENT,SILENT
2026-05-27T20:33:39.349372,PULSE_2.0,SIGNAL_SILENT,SILENT
2026-05-27T20:33:40.353225,PULSE_2.0,SIGNAL_SILENT,SILENT
2026-05-27T20:33:41.355480,PULSE_2.0,SIGNAL_SILENT,SILENT
2026-05-27T20:33:42.358566,PULSE_2.0,SIGNAL_SILENT,SILENT
2026-05-27T20:33:43.362059,PULSE_2.0,SIGNAL_SILENT,SILENT
2026-05-27T20:33:44.365691,PULSE_2.0,SIGNAL_SILENT,SILENT
2026-05-27T20:33:45.369114,PULSE_2.0,SIGNAL_SILENT,SILENT
2026-05-27T20:33:46.371804,PULSE_2.0,SIGNAL_SILENT,SILENT
2026-05-27T20:33:47.374563,PULSE_2.0,SIGNAL_SILENT,SILENT
2026-05-27T20:33:48.377752,PULSE_2.0,SIGNAL_SILENT,SILENT
2026-05-27T20:33:49.381184,PULSE_2.0,SIGNAL_SILENT,SILENT
2026-05-27T20:33:50.384518,PULSE_2.0,SIGNAL_SILENT,SILENT
2026-05-27T20:33:51.388153,PULSE_2.0,SIGNAL_SILENT,SILENT
2026-05-27T20:33:52.391498,PULSE_2.0,SIGNAL_SILENT,SILENT
2026-05-27T20:33:53.394754,PULSE_2.0,SIGNAL_SILENT,SILENT
2026-05-27T20:33:54.397868,PULSE_2.0,SIGNAL_SILENT,SILENT
2026-05-27T20:33:55.401438,PULSE_2.0,SIGNAL_SILENT,SILENT
2026-05-27T20:33:56.404631,PULSE_2.0,SIGNAL_SILENT,SILENT
2026-05-27T20:33:57.407619,PULSE_2.0,SIGNAL_SILENT,SILENT
2026-05-27T20:33:58.410428,PULSE_2.0,SIGNAL_SILENT,SILENT
2026-05-27T20:33:59.413441,PULSE_2.0,SIGNAL_SILENT,SILENT
2026-05-27T20:34:00.416156,PULSE_2.0,SIGNAL_SILENT,SILENT
2026-05-27T20:34:01.418552,PULSE_2.0,SIGNAL_SILENT,SILENT
2026-05-27T20:34:02.422495,PULSE_2.0,SIGNAL_SILENT,SILENT
2026-05-27T20:34:03.425952,PULSE_2.0,SIGNAL_SILENT,SILENT
2026-05-27T20:34:04.429378,PULSE_2.0,SIGNAL_SILENT,SILENT
2026-05-27T20:34:05.432457,PULSE_2.0,SIGNAL_SILENT,SILENT
2026-05-27T20:34:06.435903,PULSE_2.0,SIGNAL_SILENT,SILENT
2026-05-27T20:34:07.438569,PULSE_2.0,SIGNAL_SILENT,SILENT
2026-05-27T20:34:08.440149,PULSE_2.0,SIGNAL_SILENT,SILENT
2026-05-27T20:34:09.443783,PULSE_2.0,SIGNAL_SILENT,SILENT
2026-05-27T20:34:10.447698,PULSE_2.0,SIGNAL_SILENT,SILENT
2026-05-27T20:34:11.450346,PULSE_2.0,SIGNAL_SILENT,SILENT
2026-05-27T20:34:12.453429,PULSE_2.0,SIGNAL_SILENT,SILENT
2026-05-27T20:34:13.457505,PULSE_2.0,SIGNAL_SILENT,SILENT
2026-05-27T20:34:14.460230,PULSE_2.0,SIGNAL_SILENT,SILENT
2026-05-27T20:34:15.464001,PULSE_2.0,SIGNAL_SILENT,SILENT
2026-05-27T20:34:16.467030,PULSE_2.0,SIGNAL_SILENT,SILENT
2026-05-27T20:34:17.469934,PULSE_2.0,SIGNAL_SILENT,SILENT
2026-05-27T20:34:18.473331,PULSE_2.0,SIGNAL_SILENT,SILENT
2026-05-27T20:34:19.475185,PULSE_2.0,SIGNAL_SILENT,SILENT
2026-05-27T20:34:20.478038,PULSE_2.0,SIGNAL_SILENT,SILENT
2026-05-27T20:34:21.480042,PULSE_2.0,SIGNAL_SILENT,SILENT
2026-05-27T20:34:22.482174,PULSE_2.0,SIGNAL_SILENT,SILENT
2026-05-27T20:34:23.485665,PULSE_2.0,SIGNAL_SILENT,SILENT
2026-05-27T20:34:24.489313,PULSE_2.0,SIGNAL_SILENT,SILENT
2026-05-27T20:34:25.492383,PULSE_2.0,SIGNAL_SILENT,SILENT
2026-05-27T20:34:26.495489,PULSE_2.0,SIGNAL_SILENT,SILENT
2026-05-27T20:34:27.498331,PULSE_2.0,SIGNAL_SILENT,SILENT
2026-05-27T20:34:28.500660,PULSE_2.0,SIGNAL_SILENT,SILENT
2026-05-27T20:34:29.503850,PULSE_2.0,SIGNAL_SILENT,SILENT
2026-05-27T20:34:30.506924,PULSE_2.0,SIGNAL_SILENT,SILENT
2026-05-27T20:34:31.510269,PULSE_2.0,SIGNAL_SILENT,SILENT
2026-05-27T20:34:32.513500,PULSE_2.0,SIGNAL_SILENT,SILENT
2026-05-27T20:34:33.517407,PULSE_2.0,SIGNAL_SILENT,SILENT
2026-05-27T20:34:34.520633,PULSE_2.0,SIGNAL_SILENT,SILENT
2026-05-27T20:34:35.524100,PULSE_2.0,SIGNAL_SILENT,SILENT
2026-05-27T20:34:36.526623,PULSE_2.0,SIGNAL_SILENT,SILENT
2026-05-27T20:34:37.529622,PULSE_2.0,SIGNAL_SILENT,SILENT
2026-05-27T20:34:38.533350,PULSE_2.0,SIGNAL_SILENT,SILENT
2026-05-27T20:34:39.536174,PULSE_2.0,SIGNAL_SILENT,SILENT
2026-05-27T20:34:40.539016,PULSE_2.0,SIGNAL_SILENT,SILENT
2026-05-27T20:34:41.541944,PULSE_2.0,SIGNAL_SILENT,SILENT
2026-05-27T20:34:42.545393,PULSE_2.0,SIGNAL_SILENT,SILENT
2026-05-27T20:34:43.548521,PULSE_2.0,SIGNAL_SILENT,SILENT
2026-05-27T20:34:44.552290,PULSE_2.0,SIGNAL_SILENT,SILENT
2026-05-27T20:34:45.555532,PULSE_2.0,SIGNAL_SILENT,SILENT
2026-05-27T20:34:46.558684,PULSE_2.0,SIGNAL_SILENT,SILENT
2026-05-27T20:34:47.561888,PULSE_2.0,SIGNAL_SILENT,SILENT
2026-05-27T20:34:48.565241,PULSE_2.0,SIGNAL_SILENT,SILENT
2026-05-27T20:34:49.568226,PULSE_2.0,SIGNAL_SILENT,SILENT
2026-05-27T20:34:50.570612,PULSE_2.0,SIGNAL_SILENT,SILENT
2026-05-27T20:34:51.572372,PULSE_2.0,SIGNAL_SILENT,SILENT
2026-05-27T20:34:52.575173,PULSE_2.0,SIGNAL_SILENT,SILENT
2026-05-27T20:34:53.578510,PULSE_2.0,SIGNAL_SILENT,SILENT
2026-05-27T20:34:54.581428,PULSE_2.0,SIGNAL_SILENT,SILENT
2026-05-27T20:34:55.585307,PULSE_2.0,SIGNAL_SILENT,SILENT
2026-05-27T20:34:56.588429,PULSE_2.0,SIGNAL_SILENT,SILENT
2026-05-27T20:34:57.591871,PULSE_2.0,SIGNAL_SILENT,SILENT
2026-05-27T20:34:58.594591,PULSE_2.0,SIGNAL_SILENT,SILENT
2026-05-27T20:34:59.597560,PULSE_2.0,SIGNAL_SILENT,SILENT
2026-05-27T20:35:00.601100,PULSE_2.0,SIGNAL_SILENT,SILENT
2026-05-27T20:35:01.604298,PULSE_2.0,SIGNAL_SILENT,SILENT
2026-05-27T20:35:02.605999,PULSE_2.0,SIGNAL_SILENT,SILENT
2026-05-27T20:35:03.609906,PULSE_2.0,SIGNAL_SILENT,SILENT
2026-05-27T20:35:04.613300,PULSE_2.0,SIGNAL_SILENT,SILENT
2026-05-27T20:35:05.617547,PULSE_2.0,SIGNAL_SILENT,SILENT
2026-05-27T20:35:06.621096,PULSE_2.0,SIGNAL_SILENT,SILENT
2026-05-27T20:35:07.624326,PULSE_2.0,SIGNAL_SILENT,SILENT
2026-05-27T20:35:08.628275,PULSE_2.0,SIGNAL_SILENT,SILENT
2026-05-27T20:35:09.631808,PULSE_2.0,SIGNAL_SILENT,SILENT
2026-05-27T20:35:10.634795,PULSE_2.0,SIGNAL_SILENT,SILENT
2026-05-27T20:35:11.637930,PULSE_2.0,SIGNAL_SILENT,SILENT
2026-05-27T20:35:12.641553,PULSE_2.0,SIGNAL_SILENT,SILENT
2026-05-27T20:35:13.643684,PULSE_2.0,SIGNAL_SILENT,SILENT
2026-05-27T20:35:14.646081,PULSE_2.0,SIGNAL_SILENT,SILENT
2026-05-27T20:35:15.649697,PULSE_2.0,SIGNAL_SILENT,SILENT
2026-05-27T20:35:16.654251,PULSE_2.0,SIGNAL_SILENT,SILENT
2026-05-27T20:35:17.657399,PULSE_2.0,SIGNAL_SILENT,SILENT
2026-05-27T20:35:18.661152,PULSE_2.0,SIGNAL_SILENT,SILENT
2026-05-27T20:35:19.664332,PULSE_2.0,SIGNAL_SILENT,SILENT
2026-05-27T20:35:20.668240,PULSE_2.0,SIGNAL_SILENT,SILENT
2026-05-27T20:35:21.674594,PULSE_2.0,SIGNAL_SILENT,SILENT
2026-05-27T20:35:22.677500,PULSE_2.0,SIGNAL_SILENT,SILENT
2026-05-27T20:35:23.681341,PULSE_2.0,SIGNAL_SILENT,SILENT
2026-05-27T20:35:24.684545,PULSE_2.0,SIGNAL_SILENT,SILENT
2026-05-27T20:35:25.688159,PULSE_2.0,SIGNAL_SILENT,SILENT
2026-05-27T20:35:26.691674,PULSE_2.0,SIGNAL_SILENT,SILENT
2026-05-27T20:35:27.694667,PULSE_2.0,SIGNAL_SILENT,SILENT
2026-05-27T20:35:28.697944,PULSE_2.0,SIGNAL_SILENT,SILENT
2026-05-27T20:35:29.700164,PULSE_2.0,SIGNAL_SILENT,SILENT
2026-05-27T20:35:30.703154,PULSE_2.0,SIGNAL_SILENT,SILENT
2026-05-27T20:35:31.705300,PULSE_2.0,SIGNAL_SILENT,SILENT
2026-05-27T20:35:32.708043,PULSE_2.0,SIGNAL_SILENT,SILENT
2026-05-27T20:35:33.711127,PULSE_2.0,SIGNAL_SILENT,SILENT
2026-05-27T20:35:34.713943,PULSE_2.0,SIGNAL_SILENT,SILENT
2026-05-27T20:35:35.716162,PULSE_2.0,SIGNAL_SILENT,SILENT
2026-05-27T20:35:36.718951,PULSE_2.0,SIGNAL_SILENT,SILENT
2026-05-27T20:35:37.722332,PULSE_2.0,SIGNAL_SILENT,SILENT
2026-05-27T20:35:38.725770,PULSE_2.0,SIGNAL_SILENT,SILENT
2026-05-27T20:35:39.729283,PULSE_2.0,SIGNAL_SILENT,SILENT
2026-05-27T20:35:40.732426,PULSE_2.0,SIGNAL_SILENT,SILENT
2026-05-27T20:35:41.736161,PULSE_2.0,SIGNAL_SILENT,SILENT
2026-05-27T20:35:42.738133,PULSE_2.0,SIGNAL_SILENT,SILENT
2026-05-27T20:35:43.741786,PULSE_2.0,SIGNAL_SILENT,SILENT
2026-05-27T20:35:44.745595,PULSE_2.0,SIGNAL_SILENT,SILENT
2026-05-27T20:35:45.749278,PULSE_2.0,SIGNAL_SILENT,SILENT
2026-05-27T20:35:46.752265,PULSE_2.0,SIGNAL_SILENT,SILENT
2026-05-27T20:35:47.755311,PULSE_2.0,SIGNAL_SILENT,SILENT
2026-05-27T20:35:48.757985,PULSE_2.0,SIGNAL_SILENT,SILENT
2026-05-27T20:35:49.761173,PULSE_2.0,SIGNAL_SILENT,SILENT
2026-05-27T20:35:50.764522,PULSE_2.0,SIGNAL_SILENT,SILENT
2026-05-27T20:35:51.768537,PULSE_2.0,SIGNAL_SILENT,SILENT
2026-05-27T20:35:52.771489,PULSE_2.0,SIGNAL_SILENT,SILENT
2026-05-27T20:35:53.774444,PULSE_2.0,SIGNAL_SILENT,SILENT
2026-05-27T20:35:54.777393,PULSE_2.0,SIGNAL_SILENT,SILENT
2026-05-27T20:35:55.780046,PULSE_2.0,SIGNAL_SILENT,SILENT
2026-05-27T20:35:56.781626,PULSE_2.0,SIGNAL_SILENT,SILENT
2026-05-27T20:35:57.782723,PULSE_2.0,SIGNAL_SILENT,SILENT
2026-05-27T20:35:58.784073,PULSE_2.0,SIGNAL_SILENT,SILENT
2026-05-27T20:35:59.785480,PULSE_2.0,SIGNAL_SILENT,SILENT
2026-05-27T20:36:00.787219,PULSE_2.0,SIGNAL_SILENT,SILENT
2026-05-27T20:36:01.789533,PULSE_2.0,SIGNAL_SILENT,SILENT
2026-05-27T20:36:02.790644,PULSE_2.0,SIGNAL_SILENT,SILENT
2026-05-27T20:36:03.792242,PULSE_2.0,SIGNAL_SILENT,SILENT
2026-05-27T20:36:04.793123,PULSE_2.0,SIGNAL_SILENT,SILENT
2026-05-27T20:36:05.795100,PULSE_2.0,SIGNAL_SILENT,SILENT
2026-05-27T20:36:06.797673,PULSE_2.0,SIGNAL_SILENT,SILENT
2026-05-27T20:36:07.799138,PULSE_2.0,SIGNAL_SILENT,SILENT
2026-05-27T20:36:08.801185,PULSE_2.0,SIGNAL_SILENT,SILENT
2026-05-27T20:36:09.804081,PULSE_2.0,SIGNAL_SILENT,SILENT
2026-05-27T20:36:10.806505,PULSE_2.0,SIGNAL_SILENT,SILENT
2026-05-27T20:36:11.809440,PULSE_2.0,SIGNAL_SILENT,SILENT
2026-05-27T20:36:12.810887,PULSE_2.0,SIGNAL_SILENT,SILENT
2026-05-27T20:36:13.813541,PULSE_2.0,SIGNAL_SILENT,SILENT
2026-05-27T20:36:14.814915,PULSE_2.0,SIGNAL_SILENT,SILENT
2026-05-27T20:36:15.817380,PULSE_2.0,SIGNAL_SILENT,SILENT
2026-05-27T20:36:16.819272,PULSE_2.0,SIGNAL_SILENT,SILENT
2026-05-27T20:36:17.822016,PULSE_2.0,SIGNAL_SILENT,SILENT
2026-05-27T20:36:18.823772,PULSE_2.0,SIGNAL_SILENT,SILENT
2026-05-27T20:36:19.826131,PULSE_2.0,SIGNAL_SILENT,SILENT
2026-05-27T20:36:20.828220,PULSE_2.0,SIGNAL_SILENT,SILENT
2026-05-27T20:36:21.829581,PULSE_2.0,SIGNAL_SILENT,SILENT
2026-05-27T20:36:22.830688,PULSE_2.0,SIGNAL_SILENT,SILENT
2026-05-27T20:36:23.832444,PULSE_2.0,SIGNAL_SILENT,SILENT
2026-05-27T20:36:24.834430,PULSE_2.0,SIGNAL_SILENT,SILENT
2026-05-27T20:36:25.836134,PULSE_2.0,SIGNAL_SILENT,SILENT
2026-05-27T20:36:26.837738,PULSE_2.0,SIGNAL_SILENT,SILENT
2026-05-27T20:36:27.840383,PULSE_2.0,SIGNAL_SILENT,SILENT
2026-05-27T20:36:28.843678,PULSE_2.0,SIGNAL_SILENT,SILENT
2026-05-27T20:36:29.846809,PULSE_2.0,SIGNAL_SILENT,SILENT
2026-05-27T20:36:30.850166,PULSE_2.0,SIGNAL_SILENT,SILENT
2026-05-27T20:36:31.853579,PULSE_2.0,SIGNAL_SILENT,SILENT
2026-05-27T20:36:32.856606,PULSE_2.0,SIGNAL_SILENT,SILENT
2026-05-27T20:36:33.859878,PULSE_2.0,SIGNAL_SILENT,SILENT
2026-05-27T20:36:34.862968,PULSE_2.0,SIGNAL_SILENT,SILENT
2026-05-27T20:36:35.865156,PULSE_2.0,SIGNAL_SILENT,SILENT
2026-05-27T20:36:36.868253,PULSE_2.0,SIGNAL_SILENT,SILENT
2026-05-27T20:36:37.871949,PULSE_2.0,SIGNAL_SILENT,SILENT
2026-05-27T20:36:38.874490,PULSE_2.0,SIGNAL_SILENT,SILENT
2026-05-27T20:36:39.875538,PULSE_2.0,SIGNAL_SILENT,SILENT
2026-05-27T20:36:40.877824,PULSE_2.0,SIGNAL_SILENT,SILENT
2026-05-27T20:36:41.879049,PULSE_2.0,SIGNAL_SILENT,SILENT
2026-05-27T20:36:42.880459,PULSE_2.0,SIGNAL_SILENT,SILENT
2026-05-27T20:36:43.882013,PULSE_2.0,SIGNAL_SILENT,SILENT
2026-05-27T20:36:44.885427,PULSE_2.0,SIGNAL_SILENT,SILENT
2026-05-27T20:36:45.887297,PULSE_2.0,SIGNAL_SILENT,SILENT
2026-05-27T20:36:46.888956,PULSE_2.0,SIGNAL_SILENT,SILENT
2026-05-27T20:36:47.890591,PULSE_2.0,SIGNAL_SILENT,SILENT
2026-05-27T20:36:48.893278,PULSE_2.0,SIGNAL_SILENT,SILENT
2026-05-27T20:36:49.895005,PULSE_2.0,SIGNAL_SILENT,SILENT
2026-05-27T20:36:50.896357,PULSE_2.0,SIGNAL_SILENT,SILENT
2026-05-27T20:36:51.898014,PULSE_2.0,SIGNAL_SILENT,SILENT
2026-05-27T20:36:52.900145,PULSE_2.0,SIGNAL_SILENT,SILENT
2026-05-27T20:36:53.901793,PULSE_2.0,SIGNAL_SILENT,SILENT
2026-05-27T20:36:54.907389,PULSE_2.0,SIGNAL_SILENT,SILENT
2026-05-27T20:36:55.909203,PULSE_2.0,SIGNAL_SILENT,SILENT
2026-05-27T20:36:56.911440,PULSE_2.0,SIGNAL_SILENT,SILENT
2026-05-27T20:36:57.913755,PULSE_2.0,SIGNAL_SILENT,SILENT
2026-05-27T20:36:58.914542,PULSE_2.0,SIGNAL_SILENT,SILENT
2026-05-27T20:36:59.921089,PULSE_2.0,SIGNAL_SILENT,SILENT
2026-05-27T20:37:00.922775,PULSE_2.0,SIGNAL_SILENT,SILENT
2026-05-27T20:37:01.924054,PULSE_2.0,SIGNAL_SILENT,SILENT
2026-05-27T20:37:02.925940,PULSE_2.0,SIGNAL_SILENT,SILENT
2026-05-27T20:37:03.929394,PULSE_2.0,SIGNAL_SILENT,SILENT
2026-05-27T20:37:04.930381,PULSE_2.0,SIGNAL_SILENT,SILENT
2026-05-27T20:37:05.931254,PULSE_2.0,SIGNAL_SILENT,SILENT
2026-05-27T20:37:06.933129,PULSE_2.0,SIGNAL_SILENT,SILENT
2026-05-27T20:37:07.934136,PULSE_2.0,SIGNAL_SILENT,SILENT
2026-05-27T20:37:08.935918,PULSE_2.0,SIGNAL_SILENT,SILENT
2026-05-27T20:37:09.937375,PULSE_2.0,SIGNAL_SILENT,SILENT
2026-05-27T20:37:10.939180,PULSE_2.0,SIGNAL_SILENT,SILENT
2026-05-27T20:37:11.941848,PULSE_2.0,SIGNAL_SILENT,SILENT
2026-05-27T20:37:12.946758,PULSE_2.0,SIGNAL_SILENT,SILENT
2026-05-27T20:37:13.949119,PULSE_2.0,SIGNAL_SILENT,SILENT
2026-05-27T20:37:14.950913,PULSE_2.0,SIGNAL_SILENT,SILENT
2026-05-27T20:37:15.952655,PULSE_2.0,SIGNAL_SILENT,SILENT
2026-05-27T20:37:16.954858,PULSE_2.0,SIGNAL_SILENT,SILENT
2026-05-27T20:37:17.955993,PULSE_2.0,SIGNAL_SILENT,SILENT
2026-05-27T20:37:18.957849,PULSE_2.0,SIGNAL_SILENT,SILENT
2026-05-27T20:37:19.960270,PULSE_2.0,SIGNAL_SILENT,SILENT
2026-05-27T20:37:20.961859,PULSE_2.0,SIGNAL_SILENT,SILENT
2026-05-27T20:37:21.964120,PULSE_2.0,SIGNAL_SILENT,SILENT
2026-05-27T20:37:22.966537,PULSE_2.0,SIGNAL_SILENT,SILENT
2026-05-27T20:37:23.969806,PULSE_2.0,SIGNAL_SILENT,SILENT
2026-05-27T20:37:24.971729,PULSE_2.0,SIGNAL_SILENT,SILENT
2026-05-27T20:37:25.974632,PULSE_2.0,SIGNAL_SILENT,SILENT
2026-05-27T20:37:26.977893,PULSE_2.0,SIGNAL_SILENT,SILENT
2026-05-27T20:37:27.981786,PULSE_2.0,SIGNAL_SILENT,SILENT
2026-05-27T20:37:28.985385,PULSE_2.0,SIGNAL_SILENT,SILENT
2026-05-27T20:37:29.989445,PULSE_2.0,SIGNAL_SILENT,SILENT
2026-05-27T20:37:30.993624,PULSE_2.0,SIGNAL_SILENT,SILENT
2026-05-27T20:37:31.997544,PULSE_2.0,SIGNAL_SILENT,SILENT
2026-05-27T20:37:33.001277,PULSE_2.0,SIGNAL_SILENT,SILENT
2026-05-27T20:37:34.005439,PULSE_2.0,SIGNAL_SILENT,SILENT
2026-05-27T20:37:35.009064,PULSE_2.0,SIGNAL_SILENT,SILENT
2026-05-27T20:37:36.012518,PULSE_2.0,SIGNAL_SILENT,SILENT
2026-05-27T20:37:37.016606,PULSE_2.0,SIGNAL_SILENT,SILENT
2026-05-27T20:37:38.021172,PULSE_2.0,SIGNAL_SILENT,SILENT
2026-05-27T20:37:39.025364,PULSE_2.0,SIGNAL_SILENT,SILENT
2026-05-27T20:37:40.028442,PULSE_2.0,SIGNAL_SILENT,SILENT
2026-05-27T20:37:41.032415,PULSE_2.0,SIGNAL_SILENT,SILENT
2026-05-27T20:37:42.036520,PULSE_2.0,SIGNAL_SILENT,SILENT
2026-05-27T20:37:43.039364,PULSE_2.0,SIGNAL_SILENT,SILENT
2026-05-27T20:37:44.043414,PULSE_2.0,SIGNAL_SILENT,SILENT
2026-05-27T20:37:45.048392,PULSE_2.0,SIGNAL_SILENT,SILENT
2026-05-27T20:37:46.054448,PULSE_2.0,SIGNAL_SILENT,SILENT
2026-05-27T20:37:47.058096,PULSE_2.0,SIGNAL_SILENT,SILENT
2026-05-27T20:37:48.061558,PULSE_2.0,SIGNAL_SILENT,SILENT
2026-05-27T20:37:49.065473,PULSE_2.0,SIGNAL_SILENT,SILENT
2026-05-27T20:37:50.069362,PULSE_2.0,SIGNAL_SILENT,SILENT
2026-05-27T20:37:51.073421,PULSE_2.0,SIGNAL_SILENT,SILENT
2026-05-27T20:37:52.077438,PULSE_2.0,SIGNAL_SILENT,SILENT
2026-05-27T20:37:53.081489,PULSE_2.0,SIGNAL_SILENT,SILENT
2026-05-27T20:37:54.085670,PULSE_2.0,SIGNAL_SILENT,SILENT
2026-05-27T20:37:55.089747,PULSE_2.0,SIGNAL_SILENT,SILENT
2026-05-27T20:37:56.093467,PULSE_2.0,SIGNAL_SILENT,SILENT
2026-05-27T20:37:57.096205,PULSE_2.0,SIGNAL_SILENT,SILENT
2026-05-27T20:37:58.098903,PULSE_2.0,SIGNAL_SILENT,SILENT
2026-05-27T20:37:59.102231,PULSE_2.0,SIGNAL_SILENT,SILENT
2026-05-27T20:38:00.105311,PULSE_2.0,SIGNAL_SILENT,SILENT
2026-05-27T20:38:01.109365,PULSE_2.0,SIGNAL_SILENT,SILENT
2026-05-27T20:38:02.113855,PULSE_2.0,SIGNAL_SILENT,SILENT
2026-05-27T20:38:03.117552,PULSE_2.0,SIGNAL_SILENT,SILENT
2026-05-27T20:38:04.121712,PULSE_2.0,SIGNAL_SILENT,SILENT
2026-05-27T20:38:05.126018,PULSE_2.0,SIGNAL_SILENT,SILENT
2026-05-27T20:38:06.129491,PULSE_2.0,SIGNAL_SILENT,SILENT
2026-05-27T20:38:07.133499,PULSE_2.0,SIGNAL_SILENT,SILENT
2026-05-27T20:38:08.135735,PULSE_2.0,SIGNAL_SILENT,SILENT
2026-05-27T20:38:09.138255,PULSE_2.0,SIGNAL_SILENT,SILENT
2026-05-27T20:38:10.142040,PULSE_2.0,SIGNAL_SILENT,SILENT
2026-05-27T20:38:11.146568,PULSE_2.0,SIGNAL_SILENT,SILENT
2026-05-27T20:38:12.150044,PULSE_2.0,SIGNAL_SILENT,SILENT
2026-05-27T20:38:13.154028,PULSE_2.0,SIGNAL_SILENT,SILENT
2026-05-27T20:38:14.159234,PULSE_2.0,SIGNAL_SILENT,SILENT
2026-05-27T20:38:15.163816,PULSE_2.0,SIGNAL_SILENT,SILENT
2026-05-27T20:38:16.166957,PULSE_2.0,SIGNAL_SILENT,SILENT
2026-05-27T20:38:17.170089,PULSE_2.0,SIGNAL_SILENT,SILENT
2026-05-27T20:38:18.173573,PULSE_2.0,SIGNAL_SILENT,SILENT
2026-05-27T20:38:19.177351,PULSE_2.0,SIGNAL_SILENT,SILENT
2026-05-27T20:38:20.180630,PULSE_2.0,SIGNAL_SILENT,SILENT
2026-05-27T20:38:21.183393,PULSE_2.0,SIGNAL_SILENT,SILENT
2026-05-27T20:38:22.186746,PULSE_2.0,SIGNAL_SILENT,SILENT
2026-05-27T20:38:23.191743,PULSE_2.0,SIGNAL_SILENT,SILENT
2026-05-27T20:38:24.194080,PULSE_2.0,SIGNAL_SILENT,SILENT
2026-05-27T20:38:25.197827,PULSE_2.0,SIGNAL_SILENT,SILENT
2026-05-27T20:38:26.201797,PULSE_2.0,SIGNAL_SILENT,SILENT
2026-05-27T20:38:27.205843,PULSE_2.0,SIGNAL_SILENT,SILENT
2026-05-27T20:38:28.210243,PULSE_2.0,SIGNAL_SILENT,SILENT
2026-05-27T20:38:29.213923,PULSE_2.0,SIGNAL_SILENT,SILENT
2026-05-27T20:38:30.217467,PULSE_2.0,SIGNAL_SILENT,SILENT
2026-05-27T20:38:31.220433,PULSE_2.0,SIGNAL_SILENT,SILENT
2026-05-27T20:38:32.223498,PULSE_2.0,SIGNAL_SILENT,SILENT
2026-05-27T20:38:33.226244,PULSE_2.0,SIGNAL_SILENT,SILENT
2026-05-27T20:38:34.227880,PULSE_2.0,SIGNAL_SILENT,SILENT
2026-05-27T20:38:35.230630,PULSE_2.0,SIGNAL_SILENT,SILENT
2026-05-27T20:38:36.235039,PULSE_2.0,SIGNAL_SILENT,SILENT
2026-05-27T20:38:37.237688,PULSE_2.0,SIGNAL_SILENT,SILENT
2026-05-27T20:38:38.240496,PULSE_2.0,SIGNAL_SILENT,SILENT
2026-05-27T20:38:39.244135,PULSE_2.0,SIGNAL_SILENT,SILENT
2026-05-27T20:38:40.246460,PULSE_2.0,SIGNAL_SILENT,SILENT
2026-05-27T20:38:41.249442,PULSE_2.0,SIGNAL_SILENT,SILENT
2026-05-27T20:38:42.251629,PULSE_2.0,SIGNAL_SILENT,SILENT
2026-05-27T20:38:43.253912,PULSE_2.0,SIGNAL_SILENT,SILENT
2026-05-27T20:38:44.256140,PULSE_2.0,SIGNAL_SILENT,SILENT
2026-05-27T20:38:45.258843,PULSE_2.0,SIGNAL_SILENT,SILENT
2026-05-27T20:38:46.261211,PULSE_2.0,SIGNAL_SILENT,SILENT
2026-05-27T20:38:47.263989,PULSE_2.0,SIGNAL_SILENT,SILENT
2026-05-27T20:38:48.266153,PULSE_2.0,SIGNAL_SILENT,SILENT
2026-05-27T20:38:49.270675,PULSE_2.0,SIGNAL_SILENT,SILENT
2026-05-27T20:38:50.274692,PULSE_2.0,SIGNAL_SILENT,SILENT
2026-05-27T20:38:51.276661,PULSE_2.0,SIGNAL_SILENT,SILENT
2026-05-27T20:38:52.281520,PULSE_2.0,SIGNAL_SILENT,SILENT
2026-05-27T20:38:53.283652,PULSE_2.0,SIGNAL_SILENT,SILENT
2026-05-27T20:38:54.288413,PULSE_2.0,SIGNAL_SILENT,SILENT
2026-05-27T20:38:55.289275,PULSE_2.0,SIGNAL_SILENT,SILENT
2026-05-27T20:38:56.291434,PULSE_2.0,SIGNAL_SILENT,SILENT
2026-05-27T20:38:57.292821,PULSE_2.0,SIGNAL_SILENT,SILENT
2026-05-27T20:38:58.295146,PULSE_2.0,SIGNAL_SILENT,SILENT
2026-05-27T20:38:59.296498,PULSE_2.0,SIGNAL_SILENT,SILENT
2026-05-27T20:39:00.298092,PULSE_2.0,SIGNAL_SILENT,SILENT
2026-05-27T20:39:01.299457,PULSE_2.0,SIGNAL_SILENT,SILENT
2026-05-27T20:39:02.300619,PULSE_2.0,SIGNAL_SILENT,SILENT
2026-05-27T20:39:03.302621,PULSE_2.0,SIGNAL_SILENT,SILENT
2026-05-27T20:39:04.304314,PULSE_2.0,SIGNAL_SILENT,SILENT
2026-05-27T20:39:05.306088,PULSE_2.0,SIGNAL_SILENT,SILENT
2026-05-27T20:39:06.307951,PULSE_2.0,SIGNAL_SILENT,SILENT
2026-05-27T20:39:07.310973,PULSE_2.0,SIGNAL_SILENT,SILENT
2026-05-27T20:39:08.313794,PULSE_2.0,SIGNAL_SILENT,SILENT
2026-05-27T20:39:09.316139,PULSE_2.0,SIGNAL_SILENT,SILENT
2026-05-27T20:39:10.318143,PULSE_2.0,SIGNAL_SILENT,SILENT
2026-05-27T20:39:11.320075,PULSE_2.0,SIGNAL_SILENT,SILENT
2026-05-27T20:39:12.321182,PULSE_2.0,SIGNAL_SILENT,SILENT
2026-05-27T20:39:13.323966,PULSE_2.0,SIGNAL_SILENT,SILENT
2026-05-27T20:39:14.325699,PULSE_2.0,SIGNAL_SILENT,SILENT
2026-05-27T20:39:15.327157,PULSE_2.0,SIGNAL_SILENT,SILENT
2026-05-27T20:39:16.328574,PULSE_2.0,SIGNAL_SILENT,SILENT
2026-05-27T20:39:17.330212,PULSE_2.0,SIGNAL_SILENT,SILENT
2026-05-27T20:39:18.335730,PULSE_2.0,SIGNAL_SILENT,SILENT
2026-05-27T20:39:19.339380,PULSE_2.0,SIGNAL_SILENT,SILENT
2026-05-27T20:39:20.341615,PULSE_2.0,SIGNAL_SILENT,SILENT
2026-05-27T20:39:21.344622,PULSE_2.0,SIGNAL_SILENT,SILENT
2026-05-27T20:39:22.346374,PULSE_2.0,SIGNAL_SILENT,SILENT
2026-05-27T20:39:23.347946,PULSE_2.0,SIGNAL_SILENT,SILENT
2026-05-27T20:39:24.350120,PULSE_2.0,SIGNAL_SILENT,SILENT
2026-05-27T20:39:25.353598,PULSE_2.0,SIGNAL_SILENT,SILENT
2026-05-27T20:39:26.354735,PULSE_2.0,SIGNAL_SILENT,SILENT
2026-05-27T20:39:27.356602,PULSE_2.0,SIGNAL_SILENT,SILENT
2026-05-27T20:39:28.358708,PULSE_2.0,SIGNAL_SILENT,SILENT
2026-05-27T20:39:29.361815,PULSE_2.0,SIGNAL_SILENT,SILENT
2026-05-27T20:39:30.363487,PULSE_2.0,SIGNAL_SILENT,SILENT
2026-05-27T20:39:31.366175,PULSE_2.0,SIGNAL_SILENT,SILENT
2026-05-27T20:39:32.367607,PULSE_2.0,SIGNAL_SILENT,SILENT
2026-05-27T20:39:33.369625,PULSE_2.0,SIGNAL_SILENT,SILENT
2026-05-27T20:39:34.370718,PULSE_2.0,SIGNAL_SILENT,SILENT
2026-05-27T20:39:35.372007,PULSE_2.0,SIGNAL_SILENT,SILENT
2026-05-27T20:39:36.373491,PULSE_2.0,SIGNAL_SILENT,SILENT
2026-05-27T20:39:37.377490,PULSE_2.0,SIGNAL_SILENT,SILENT
2026-05-27T20:39:38.379218,PULSE_2.0,SIGNAL_SILENT,SILENT
2026-05-27T20:39:39.381145,PULSE_2.0,SIGNAL_SILENT,SILENT
2026-05-27T20:39:40.383484,PULSE_2.0,SIGNAL_SILENT,SILENT
2026-05-27T20:39:41.386062,PULSE_2.0,SIGNAL_SILENT,SILENT
2026-05-27T20:39:42.387551,PULSE_2.0,SIGNAL_SILENT,SILENT
2026-05-27T20:39:43.390025,PULSE_2.0,SIGNAL_SILENT,SILENT
2026-05-27T20:39:44.392226,PULSE_2.0,SIGNAL_SILENT,SILENT
2026-05-27T20:39:45.394276,PULSE_2.0,SIGNAL_SILENT,SILENT
2026-05-27T20:39:46.396357,PULSE_2.0,SIGNAL_SILENT,SILENT
2026-05-27T20:39:47.405217,PULSE_2.0,SIGNAL_SILENT,SILENT
2026-05-27T20:39:48.407376,PULSE_2.0,SIGNAL_SILENT,SILENT
2026-05-27T20:39:49.410694,PULSE_2.0,SIGNAL_SILENT,SILENT
2026-05-27T20:39:50.413903,PULSE_2.0,SIGNAL_SILENT,SILENT
2026-05-27T20:39:51.419245,PULSE_2.0,SIGNAL_SILENT,SILENT
2026-05-27T20:39:52.421299,PULSE_2.0,SIGNAL_SILENT,SILENT
2026-05-27T20:39:53.422993,PULSE_2.0,SIGNAL_SILENT,SILENT
2026-05-27T20:39:54.425968,PULSE_2.0,SIGNAL_SILENT,SILENT
2026-05-27T20:39:55.428441,PULSE_2.0,SIGNAL_SILENT,SILENT
2026-05-27T20:39:56.430457,PULSE_2.0,SIGNAL_SILENT,SILENT
2026-05-27T20:39:57.432390,PULSE_2.0,SIGNAL_SILENT,SILENT
2026-05-27T20:39:58.433891,PULSE_2.0,SIGNAL_SILENT,SILENT
2026-05-27T20:39:59.438556,PULSE_2.0,SIGNAL_SILENT,SILENT
2026-05-27T20:40:00.439523,PULSE_2.0,SIGNAL_SILENT,SILENT
2026-05-27T20:40:01.442032,PULSE_2.0,SIGNAL_SILENT,SILENT
2026-05-27T20:40:02.444554,PULSE_2.0,SIGNAL_SILENT,SILENT
2026-05-27T20:40:03.448048,PULSE_2.0,SIGNAL_SILENT,SILENT
2026-05-27T20:40:04.450642,PULSE_2.0,SIGNAL_SILENT,SILENT
2026-05-27T20:40:05.453647,PULSE_2.0,SIGNAL_SILENT,SILENT
2026-05-27T20:40:06.455748,PULSE_2.0,SIGNAL_SILENT,SILENT
2026-05-27T20:40:07.459753,PULSE_2.0,SIGNAL_SILENT,SILENT
2026-05-27T20:40:08.465199,PULSE_2.0,SIGNAL_SILENT,SILENT
2026-05-27T20:40:09.466654,PULSE_2.0,SIGNAL_SILENT,SILENT
2026-05-27T20:40:10.469719,PULSE_2.0,SIGNAL_SILENT,SILENT
2026-05-27T20:40:11.474601,PULSE_2.0,SIGNAL_SILENT,SILENT
2026-05-27T20:40:12.477702,PULSE_2.0,SIGNAL_SILENT,SILENT
2026-05-27T20:40:13.480361,PULSE_2.0,SIGNAL_SILENT,SILENT
2026-05-27T20:40:14.483308,PULSE_2.0,SIGNAL_SILENT,SILENT
2026-05-27T20:40:15.486046,PULSE_2.0,SIGNAL_SILENT,SILENT
2026-05-27T20:40:16.488534,PULSE_2.0,SIGNAL_SILENT,SILENT
2026-05-27T20:40:17.491103,PULSE_2.0,SIGNAL_SILENT,SILENT
2026-05-27T20:40:18.494617,PULSE_2.0,SIGNAL_SILENT,SILENT
2026-05-27T20:40:19.497710,PULSE_2.0,SIGNAL_SILENT,SILENT
2026-05-27T20:40:20.498662,PULSE_2.0,SIGNAL_SILENT,SILENT
2026-05-27T20:40:21.501126,PULSE_2.0,SIGNAL_SILENT,SILENT
2026-05-27T20:40:22.503112,PULSE_2.0,SIGNAL_SILENT,SILENT
2026-05-27T20:40:23.505708,PULSE_2.0,SIGNAL_SILENT,SILENT
2026-05-27T20:40:24.507519,PULSE_2.0,SIGNAL_SILENT,SILENT
2026-05-27T20:40:25.513029,PULSE_2.0,SIGNAL_SILENT,SILENT
2026-05-27T20:40:26.515829,PULSE_2.0,SIGNAL_SILENT,SILENT
2026-05-27T20:40:27.645043,PULSE_2.0,SIGNAL_SILENT,SILENT
2026-05-27T20:40:28.646562,PULSE_2.0,SIGNAL_SILENT,SILENT
2026-05-27T20:40:29.647568,PULSE_2.0,SIGNAL_SILENT,SILENT
2026-05-27T20:40:30.649729,PULSE_2.0,SIGNAL_SILENT,SILENT
2026-05-27T20:40:31.653690,PULSE_2.0,SIGNAL_SILENT,SILENT
2026-05-27T20:40:32.656583,PULSE_2.0,SIGNAL_SILENT,SILENT
2026-05-27T20:40:33.659344,PULSE_2.0,SIGNAL_SILENT,SILENT
2026-05-27T20:40:34.661499,PULSE_2.0,SIGNAL_SILENT,SILENT
2026-05-27T20:40:35.663216,PULSE_2.0,SIGNAL_SILENT,SILENT
2026-05-27T20:40:36.665873,PULSE_2.0,SIGNAL_SILENT,SILENT
2026-05-27T20:40:37.667722,PULSE_2.0,SIGNAL_SILENT,SILENT
2026-05-27T20:40:38.670297,PULSE_2.0,SIGNAL_SILENT,SILENT
2026-05-27T20:40:39.673513,PULSE_2.0,SIGNAL_SILENT,SILENT
2026-05-27T20:40:40.677023,PULSE_2.0,SIGNAL_SILENT,SILENT
2026-05-27T20:40:41.680197,PULSE_2.0,SIGNAL_SILENT,SILENT
2026-05-27T20:40:42.682591,PULSE_2.0,SIGNAL_SILENT,SILENT
2026-05-27T20:40:43.685932,PULSE_2.0,SIGNAL_SILENT,SILENT
2026-05-27T20:40:44.687492,PULSE_2.0,SIGNAL_SILENT,SILENT
2026-05-27T20:40:45.690266,PULSE_2.0,SIGNAL_SILENT,SILENT
2026-05-27T20:40:46.693660,PULSE_2.0,SIGNAL_SILENT,SILENT
2026-05-27T20:40:47.696289,PULSE_2.0,SIGNAL_SILENT,SILENT
2026-05-27T20:40:48.698672,PULSE_2.0,SIGNAL_SILENT,SILENT
2026-05-27T20:40:49.699740,PULSE_2.0,SIGNAL_SILENT,SILENT
2026-05-27T20:40:50.701080,PULSE_2.0,SIGNAL_SILENT,SILENT
2026-05-27T20:40:51.702322,PULSE_2.0,SIGNAL_SILENT,SILENT
2026-05-27T20:40:52.703515,PULSE_2.0,SIGNAL_SILENT,SILENT
2026-05-27T20:40:53.705546,PULSE_2.0,SIGNAL_SILENT,SILENT
2026-05-27T20:40:54.707249,PULSE_2.0,SIGNAL_SILENT,SILENT
2026-05-27T20:40:55.709761,PULSE_2.0,SIGNAL_SILENT,SILENT
2026-05-27T20:40:56.712129,PULSE_2.0,SIGNAL_SILENT,SILENT
2026-05-27T20:40:57.713687,PULSE_2.0,SIGNAL_SILENT,SILENT
2026-05-27T20:40:58.714992,PULSE_2.0,SIGNAL_SILENT,SILENT
2026-05-27T20:40:59.716380,PULSE_2.0,SIGNAL_SILENT,SILENT
2026-05-27T20:41:00.717960,PULSE_2.0,SIGNAL_SILENT,SILENT
2026-05-27T20:41:01.721369,PULSE_2.0,SIGNAL_SILENT,SILENT
2026-05-27T20:41:02.722738,PULSE_2.0,SIGNAL_SILENT,SILENT
2026-05-27T20:41:03.724347,PULSE_2.0,SIGNAL_SILENT,SILENT
2026-05-27T20:41:04.726820,PULSE_2.0,SIGNAL_SILENT,SILENT
2026-05-27T20:41:05.730195,PULSE_2.0,SIGNAL_SILENT,SILENT
2026-05-27T20:41:06.733718,PULSE_2.0,SIGNAL_SILENT,SILENT
2026-05-27T20:41:07.735688,PULSE_2.0,SIGNAL_SILENT,SILENT
2026-05-27T20:41:08.738391,PULSE_2.0,SIGNAL_SILENT,SILENT
2026-05-27T20:41:09.739459,PULSE_2.0,SIGNAL_SILENT,SILENT
2026-05-27T20:41:10.740344,PULSE_2.0,SIGNAL_SILENT,SILENT
2026-05-27T20:41:11.743488,PULSE_2.0,SIGNAL_SILENT,SILENT
2026-05-27T20:41:12.745075,PULSE_2.0,SIGNAL_SILENT,SILENT
2026-05-27T20:41:13.749175,PULSE_2.0,SIGNAL_SILENT,SILENT
2026-05-27T20:41:14.751548,PULSE_2.0,SIGNAL_SILENT,SILENT
2026-05-27T20:41:15.754575,PULSE_2.0,SIGNAL_SILENT,SILENT
2026-05-27T20:41:16.757994,PULSE_2.0,SIGNAL_SILENT,SILENT
2026-05-27T20:41:17.761485,PULSE_2.0,SIGNAL_SILENT,SILENT
2026-05-27T20:41:18.765300,PULSE_2.0,SIGNAL_SILENT,SILENT
2026-05-27T20:41:19.767955,PULSE_2.0,SIGNAL_SILENT,SILENT
2026-05-27T20:41:20.771595,PULSE_2.0,SIGNAL_SILENT,SILENT
2026-05-27T20:41:21.774217,PULSE_2.0,SIGNAL_SILENT,SILENT
2026-05-27T20:41:22.775650,PULSE_2.0,SIGNAL_SILENT,SILENT
2026-05-27T20:41:23.778280,PULSE_2.0,SIGNAL_SILENT,SILENT
2026-05-27T20:41:24.781013,PULSE_2.0,SIGNAL_SILENT,SILENT
2026-05-27T20:41:25.781945,PULSE_2.0,SIGNAL_SILENT,SILENT
2026-05-27T20:41:26.782978,PULSE_2.0,SIGNAL_SILENT,SILENT
2026-05-27T20:41:27.783837,PULSE_2.0,SIGNAL_SILENT,SILENT
2026-05-27T20:41:28.784440,PULSE_2.0,SIGNAL_SILENT,SILENT
2026-05-27T20:41:29.788880,PULSE_2.0,SIGNAL_SILENT,SILENT
